"partID","dyadID","trigram","correct_response","response"
"","","QUACK:POND:WADDLE","Duck","duck"
"","","QUACK:POND:WADDLE","Duck",""
"","","ATHLETES:WEB:RABBIT","Foot",""
"","","ATHLETES:WEB:RABBIT","Foot",""
"","","HONEY:SWARM:STING","Bee","bee"
"","","HONEY:SWARM:STING","Bee",""
"","","MATCHES:SMOKE:BUSH","Fire","fire"
"","","MATCHES:SMOKE:BUSH","Fire",""
"","","CHOCOLATE:FORTUNE:TIN","Cookie","cookie"
"","","CHOCOLATE:FORTUNE:TIN","Cookie",""
"","","CURIOSITY:NAP:WHISKERS","Cat","cat"
"","","CURIOSITY:NAP:WHISKERS","Cat",""
"","","STALK:TRAINER:KING","Lion",""
"","","STALK:TRAINER:KING","Lion",""
"","","SURPRISE:LINE:BIRTHDAY","Party","party"
"","","SURPRISE:LINE:BIRTHDAY","Party",""
"","","RED:GO:CAR","Stop",""
"","","RED:GO:CAR","Stop",""
"","","MOUSE : SHARP : BLUE","Cheese","cheese"
"","","MOUSE : SHARP : BLUE","Cheese",""
"11","6","QUACK:POND:WADDLE","Duck","Duck"
"11","6","ATHLETES:WEB:RABBIT","Foot",""
"11","6","HONEY:SWARM:STING","Bee","Bee"
"11","6","MATCHES:SMOKE:BUSH","Fire","Fire"
"11","6","CHOCOLATE:FORTUNE:TIN","Cookie","Cookies"
"11","6","CURIOSITY:NAP:WHISKERS","Cat","Cat"
"11","6","STALK:TRAINER:KING","Lion",""
"11","6","SURPRISE:LINE:BIRTHDAY","Party","Party"
"11","6","RED:GO:CAR","Stop","Traffic Light"
"11","6","MOUSE : SHARP : BLUE","Cheese","Cheese"
"12","6","QUACK:POND:WADDLE","Duck","duck"
"12","6","ATHLETES:WEB:RABBIT","Foot",""
"12","6","HONEY:SWARM:STING","Bee","bee"
"12","6","MATCHES:SMOKE:BUSH","Fire","fire"
"12","6","CHOCOLATE:FORTUNE:TIN","Cookie","cookie"
"12","6","CURIOSITY:NAP:WHISKERS","Cat","cat"
"12","6","STALK:TRAINER:KING","Lion",""
"12","6","SURPRISE:LINE:BIRTHDAY","Party","party"
"12","6","RED:GO:CAR","Stop","cart"
"12","6","MOUSE : SHARP : BLUE","Cheese",""
"15","7","QUACK:POND:WADDLE","Duck",""
"15","7","ATHLETES:WEB:RABBIT","Foot",""
"15","7","HONEY:SWARM:STING","Bee",""
"15","7","MATCHES:SMOKE:BUSH","Fire",""
"15","7","CHOCOLATE:FORTUNE:TIN","Cookie",""
"15","7","CURIOSITY:NAP:WHISKERS","Cat",""
"15","7","STALK:TRAINER:KING","Lion",""
"15","7","SURPRISE:LINE:BIRTHDAY","Party",""
"15","7","RED:GO:CAR","Stop",""
"15","7","MOUSE : SHARP : BLUE","Cheese",""
"16","7","QUACK:POND:WADDLE","Duck",""
"16","7","ATHLETES:WEB:RABBIT","Foot",""
"16","7","HONEY:SWARM:STING","Bee",""
"16","7","MATCHES:SMOKE:BUSH","Fire",""
"16","7","CHOCOLATE:FORTUNE:TIN","Cookie",""
"16","7","CURIOSITY:NAP:WHISKERS","Cat",""
"16","7","STALK:TRAINER:KING","Lion",""
"16","7","SURPRISE:LINE:BIRTHDAY","Party",""
"16","7","RED:GO:CAR","Stop",""
"16","7","MOUSE : SHARP : BLUE","Cheese",""
"36","12","QUACK:POND:WADDLE","Duck",""
"36","12","ATHLETES:WEB:RABBIT","Foot",""
"36","12","HONEY:SWARM:STING","Bee","bee"
"36","12","MATCHES:SMOKE:BUSH","Fire",""
"36","12","CHOCOLATE:FORTUNE:TIN","Cookie","cookie"
"36","12","CURIOSITY:NAP:WHISKERS","Cat",""
"36","12","STALK:TRAINER:KING","Lion",""
"36","12","SURPRISE:LINE:BIRTHDAY","Party","happy"
"36","12","RED:GO:CAR","Stop",""
"36","12","MOUSE : SHARP : BLUE","Cheese","trap"
"37","12","QUACK:POND:WADDLE","Duck",""
"37","12","ATHLETES:WEB:RABBIT","Foot","spider"
"37","12","HONEY:SWARM:STING","Bee","bee"
"37","12","MATCHES:SMOKE:BUSH","Fire","fire"
"37","12","CHOCOLATE:FORTUNE:TIN","Cookie","cookie"
"37","12","CURIOSITY:NAP:WHISKERS","Cat","cat"
"37","12","STALK:TRAINER:KING","Lion",""
"37","12","SURPRISE:LINE:BIRTHDAY","Party","party"
"37","12","RED:GO:CAR","Stop","light"
"37","12","MOUSE : SHARP : BLUE","Cheese","cheese"
"38","13","QUACK:POND:WADDLE","Duck","Duck"
"38","13","ATHLETES:WEB:RABBIT","Foot",""
"38","13","HONEY:SWARM:STING","Bee","Bee"
"38","13","MATCHES:SMOKE:BUSH","Fire","Wood"
"38","13","CHOCOLATE:FORTUNE:TIN","Cookie","Candy"
"38","13","CURIOSITY:NAP:WHISKERS","Cat","Cat"
"38","13","STALK:TRAINER:KING","Lion",""
"38","13","SURPRISE:LINE:BIRTHDAY","Party","Party"
"38","13","RED:GO:CAR","Stop","Race"
"38","13","MOUSE : SHARP : BLUE","Cheese","Trap"
"39","13","QUACK:POND:WADDLE","Duck","du"
"39","13","ATHLETES:WEB:RABBIT","Foot",""
"39","13","HONEY:SWARM:STING","Bee","Bee"
"39","13","MATCHES:SMOKE:BUSH","Fire","cigerettes"
"39","13","CHOCOLATE:FORTUNE:TIN","Cookie",""
"39","13","CURIOSITY:NAP:WHISKERS","Cat","Cat"
"39","13","STALK:TRAINER:KING","Lion",""
"39","13","SURPRISE:LINE:BIRTHDAY","Party","party"
"39","13","RED:GO:CAR","Stop","Traffic"
"39","13","MOUSE : SHARP : BLUE","Cheese","chee"
"4","2","QUACK:POND:WADDLE","Duck","duck"
"4","2","ATHLETES:WEB:RABBIT","Foot",""
"4","2","HONEY:SWARM:STING","Bee","bee"
"4","2","MATCHES:SMOKE:BUSH","Fire","fire"
"4","2","CHOCOLATE:FORTUNE:TIN","Cookie","cookie"
"4","2","CURIOSITY:NAP:WHISKERS","Cat","cat"
"4","2","STALK:TRAINER:KING","Lion","corn"
"4","2","SURPRISE:LINE:BIRTHDAY","Party","party"
"4","2","RED:GO:CAR","Stop","light"
"4","2","MOUSE : SHARP : BLUE","Cheese","cheese"
"40","14","QUACK:POND:WADDLE","Duck","duck"
"40","14","ATHLETES:WEB:RABBIT","Foot","hole"
"40","14","HONEY:SWARM:STING","Bee","bee"
"40","14","MATCHES:SMOKE:BUSH","Fire","fire"
"40","14","CHOCOLATE:FORTUNE:TIN","Cookie","cookie"
"40","14","CURIOSITY:NAP:WHISKERS","Cat","cat"
"40","14","STALK:TRAINER:KING","Lion","work"
"40","14","SURPRISE:LINE:BIRTHDAY","Party","party"
"40","14","RED:GO:CAR","Stop",""
"40","14","MOUSE : SHARP : BLUE","Cheese","cheese"
"41","14","QUACK:POND:WADDLE","Duck","duck"
"41","14","ATHLETES:WEB:RABBIT","Foot",""
"41","14","HONEY:SWARM:STING","Bee","bee"
"41","14","MATCHES:SMOKE:BUSH","Fire",""
"41","14","CHOCOLATE:FORTUNE:TIN","Cookie","cookie"
"41","14","CURIOSITY:NAP:WHISKERS","Cat","cat"
"41","14","STALK:TRAINER:KING","Lion",""
"41","14","SURPRISE:LINE:BIRTHDAY","Party","party"
"41","14","RED:GO:CAR","Stop","drive"
"41","14","MOUSE : SHARP : BLUE","Cheese",""
"42","15","QUACK:POND:WADDLE","Duck","Duck"
"42","15","ATHLETES:WEB:RABBIT","Foot","Bugs Bunny"
"42","15","HONEY:SWARM:STING","Bee","Buzz"
"42","15","MATCHES:SMOKE:BUSH","Fire","Fire"
"42","15","CHOCOLATE:FORTUNE:TIN","Cookie","Cookie"
"42","15","CURIOSITY:NAP:WHISKERS","Cat","Cat"
"42","15","STALK:TRAINER:KING","Lion","Lion"
"42","15","SURPRISE:LINE:BIRTHDAY","Party","Anxious"
"42","15","RED:GO:CAR","Stop","Light"
"42","15","MOUSE : SHARP : BLUE","Cheese","Trap"
"43","15","QUACK:POND:WADDLE","Duck","duck"
"43","15","ATHLETES:WEB:RABBIT","Foot","foot"
"43","15","HONEY:SWARM:STING","Bee","bee"
"43","15","MATCHES:SMOKE:BUSH","Fire","fire"
"43","15","CHOCOLATE:FORTUNE:TIN","Cookie",""
"43","15","CURIOSITY:NAP:WHISKERS","Cat",""
"43","15","STALK:TRAINER:KING","Lion",""
"43","15","SURPRISE:LINE:BIRTHDAY","Party","party"
"43","15","RED:GO:CAR","Stop",""
"43","15","MOUSE : SHARP : BLUE","Cheese",""
"46","17","QUACK:POND:WADDLE","Duck","duck"
"46","17","ATHLETES:WEB:RABBIT","Foot","foot"
"46","17","HONEY:SWARM:STING","Bee","bees"
"46","17","MATCHES:SMOKE:BUSH","Fire","fire"
"46","17","CHOCOLATE:FORTUNE:TIN","Cookie","cookie"
"46","17","CURIOSITY:NAP:WHISKERS","Cat","cat"
"46","17","STALK:TRAINER:KING","Lion","corn?"
"46","17","SURPRISE:LINE:BIRTHDAY","Party","party"
"46","17","RED:GO:CAR","Stop","stoplight"
"46","17","MOUSE : SHARP : BLUE","Cheese","cheese"
"47","17","QUACK:POND:WADDLE","Duck","duck"
"47","17","ATHLETES:WEB:RABBIT","Foot","spider"
"47","17","HONEY:SWARM:STING","Bee","bee"
"47","17","MATCHES:SMOKE:BUSH","Fire","fire"
"47","17","CHOCOLATE:FORTUNE:TIN","Cookie","cookies"
"47","17","CURIOSITY:NAP:WHISKERS","Cat","cat"
"47","17","STALK:TRAINER:KING","Lion","corn"
"47","17","SURPRISE:LINE:BIRTHDAY","Party","party"
"47","17","RED:GO:CAR","Stop","stop"
"47","17","MOUSE : SHARP : BLUE","Cheese","wire"
"49","18","QUACK:POND:WADDLE","Duck","duck"
"49","18","ATHLETES:WEB:RABBIT","Foot",""
"49","18","HONEY:SWARM:STING","Bee","bee"
"49","18","MATCHES:SMOKE:BUSH","Fire","fire"
"49","18","CHOCOLATE:FORTUNE:TIN","Cookie","cookie"
"49","18","CURIOSITY:NAP:WHISKERS","Cat","cat"
"49","18","STALK:TRAINER:KING","Lion","cor"
"49","18","SURPRISE:LINE:BIRTHDAY","Party","happy"
"49","18","RED:GO:CAR","Stop","tra"
"49","18","MOUSE : SHARP : BLUE","Cheese",""
"5","2","QUACK:POND:WADDLE","Duck","duck"
"5","2","ATHLETES:WEB:RABBIT","Foot",""
"5","2","HONEY:SWARM:STING","Bee","pain"
"5","2","MATCHES:SMOKE:BUSH","Fire","free"
"5","2","CHOCOLATE:FORTUNE:TIN","Cookie","cookie"
"5","2","CURIOSITY:NAP:WHISKERS","Cat",""
"5","2","STALK:TRAINER:KING","Lion","runs"
"5","2","SURPRISE:LINE:BIRTHDAY","Party","gift"
"5","2","RED:GO:CAR","Stop",""
"5","2","MOUSE : SHARP : BLUE","Cheese","clicks"
"50","18","QUACK:POND:WADDLE","Duck","DUCK"
"50","18","ATHLETES:WEB:RABBIT","Foot","LEGS"
"50","18","HONEY:SWARM:STING","Bee","BEE"
"50","18","MATCHES:SMOKE:BUSH","Fire","FIRE"
"50","18","CHOCOLATE:FORTUNE:TIN","Cookie","COOKIE"
"50","18","CURIOSITY:NAP:WHISKERS","Cat","CAT"
"50","18","STALK:TRAINER:KING","Lion","ATHLETE"
"50","18","SURPRISE:LINE:BIRTHDAY","Party","PARTY"
"50","18","RED:GO:CAR","Stop","RACE"
"50","18","MOUSE : SHARP : BLUE","Cheese","COMPUTER"
"51","19","QUACK:POND:WADDLE","Duck",""
"51","19","ATHLETES:WEB:RABBIT","Foot",""
"51","19","HONEY:SWARM:STING","Bee","bee"
"51","19","MATCHES:SMOKE:BUSH","Fire","fire"
"51","19","CHOCOLATE:FORTUNE:TIN","Cookie","cookie"
"51","19","CURIOSITY:NAP:WHISKERS","Cat","cat"
"51","19","STALK:TRAINER:KING","Lion","coach"
"51","19","SURPRISE:LINE:BIRTHDAY","Party","age"
"51","19","RED:GO:CAR","Stop","light"
"51","19","MOUSE : SHARP : BLUE","Cheese",""
"52","19","QUACK:POND:WADDLE","Duck","DUCK"
"52","19","ATHLETES:WEB:RABBIT","Foot","BASBEB"
"52","19","HONEY:SWARM:STING","Bee","BEE"
"52","19","MATCHES:SMOKE:BUSH","Fire","CAMPFIRE"
"52","19","CHOCOLATE:FORTUNE:TIN","Cookie","COOKIE"
"52","19","CURIOSITY:NAP:WHISKERS","Cat","cat"
"52","19","STALK:TRAINER:KING","Lion","stephen"
"52","19","SURPRISE:LINE:BIRTHDAY","Party","cake"
"52","19","RED:GO:CAR","Stop","traffic lights"
"52","19","MOUSE : SHARP : BLUE","Cheese","trap"
"53","20","QUACK:POND:WADDLE","Duck","duck"
"53","20","ATHLETES:WEB:RABBIT","Foot","foot"
"53","20","HONEY:SWARM:STING","Bee","bee"
"53","20","MATCHES:SMOKE:BUSH","Fire","fire"
"53","20","CHOCOLATE:FORTUNE:TIN","Cookie",""
"53","20","CURIOSITY:NAP:WHISKERS","Cat","cat"
"53","20","STALK:TRAINER:KING","Lion","corn"
"53","20","SURPRISE:LINE:BIRTHDAY","Party","party"
"53","20","RED:GO:CAR","Stop","stop"
"53","20","MOUSE : SHARP : BLUE","Cheese","cheese"
"54","20","QUACK:POND:WADDLE","Duck","duck"
"54","20","ATHLETES:WEB:RABBIT","Foot",""
"54","20","HONEY:SWARM:STING","Bee","bee"
"54","20","MATCHES:SMOKE:BUSH","Fire","fire"
"54","20","CHOCOLATE:FORTUNE:TIN","Cookie","cookie"
"54","20","CURIOSITY:NAP:WHISKERS","Cat",""
"54","20","STALK:TRAINER:KING","Lion","man"
"54","20","SURPRISE:LINE:BIRTHDAY","Party","party"
"54","20","RED:GO:CAR","Stop",""
"54","20","MOUSE : SHARP : BLUE","Cheese",""
"56","21","QUACK:POND:WADDLE","Duck","duck"
"56","21","ATHLETES:WEB:RABBIT","Foot","foot"
"56","21","HONEY:SWARM:STING","Bee","bee"
"56","21","MATCHES:SMOKE:BUSH","Fire","burning"
"56","21","CHOCOLATE:FORTUNE:TIN","Cookie","cookie"
"56","21","CURIOSITY:NAP:WHISKERS","Cat","cat"
"56","21","STALK:TRAINER:KING","Lion","corn"
"56","21","SURPRISE:LINE:BIRTHDAY","Party","party"
"56","21","RED:GO:CAR","Stop","light"
"56","21","MOUSE : SHARP : BLUE","Cheese","cheese"
"57","21","QUACK:POND:WADDLE","Duck","duck"
"57","21","ATHLETES:WEB:RABBIT","Foot","Fast"
"57","21","HONEY:SWARM:STING","Bee","Bee"
"57","21","MATCHES:SMOKE:BUSH","Fire","Fire"
"57","21","CHOCOLATE:FORTUNE:TIN","Cookie","Cookie"
"57","21","CURIOSITY:NAP:WHISKERS","Cat","Cat"
"57","21","STALK:TRAINER:KING","Lion",""
"57","21","SURPRISE:LINE:BIRTHDAY","Party","Party"
"57","21","RED:GO:CAR","Stop","Light"
"57","21","MOUSE : SHARP : BLUE","Cheese","Trap"
"58","22","QUACK:POND:WADDLE","Duck","duck"
"58","22","ATHLETES:WEB:RABBIT","Foot",""
"58","22","HONEY:SWARM:STING","Bee","bee"
"58","22","MATCHES:SMOKE:BUSH","Fire","fire"
"58","22","CHOCOLATE:FORTUNE:TIN","Cookie","cookie"
"58","22","CURIOSITY:NAP:WHISKERS","Cat","cat"
"58","22","STALK:TRAINER:KING","Lion",""
"58","22","SURPRISE:LINE:BIRTHDAY","Party","party"
"58","22","RED:GO:CAR","Stop","light"
"58","22","MOUSE : SHARP : BLUE","Cheese",""
"59","22","QUACK:POND:WADDLE","Duck","duck"
"59","22","ATHLETES:WEB:RABBIT","Foot",""
"59","22","HONEY:SWARM:STING","Bee","bee"
"59","22","MATCHES:SMOKE:BUSH","Fire","fire"
"59","22","CHOCOLATE:FORTUNE:TIN","Cookie","cookie"
"59","22","CURIOSITY:NAP:WHISKERS","Cat","cat"
"59","22","STALK:TRAINER:KING","Lion","dog"
"59","22","SURPRISE:LINE:BIRTHDAY","Party","gift"
"59","22","RED:GO:CAR","Stop","bag"
"59","22","MOUSE : SHARP : BLUE","Cheese","trap"
"60","23","QUACK:POND:WADDLE","Duck",""
"60","23","ATHLETES:WEB:RABBIT","Foot",""
"60","23","HONEY:SWARM:STING","Bee","bee"
"60","23","MATCHES:SMOKE:BUSH","Fire",""
"60","23","CHOCOLATE:FORTUNE:TIN","Cookie","candy"
"60","23","CURIOSITY:NAP:WHISKERS","Cat","cat"
"60","23","STALK:TRAINER:KING","Lion",""
"60","23","SURPRISE:LINE:BIRTHDAY","Party",""
"60","23","RED:GO:CAR","Stop","light"
"60","23","MOUSE : SHARP : BLUE","Cheese",""
"61","23","QUACK:POND:WADDLE","Duck",""
"61","23","ATHLETES:WEB:RABBIT","Foot","foot"
"61","23","HONEY:SWARM:STING","Bee","bee"
"61","23","MATCHES:SMOKE:BUSH","Fire","f"
"61","23","CHOCOLATE:FORTUNE:TIN","Cookie","cookies/cookie's"
"61","23","CURIOSITY:NAP:WHISKERS","Cat","tiny"
"61","23","STALK:TRAINER:KING","Lion","annoying"
"61","23","SURPRISE:LINE:BIRTHDAY","Party",""
"61","23","RED:GO:CAR","Stop","cart/"
"61","23","MOUSE : SHARP : BLUE","Cheese","trap"
"65","24","QUACK:POND:WADDLE","Duck",""
"65","24","ATHLETES:WEB:RABBIT","Foot",""
"65","24","HONEY:SWARM:STING","Bee","bee"
"65","24","MATCHES:SMOKE:BUSH","Fire","fire"
"65","24","CHOCOLATE:FORTUNE:TIN","Cookie",""
"65","24","CURIOSITY:NAP:WHISKERS","Cat",""
"65","24","STALK:TRAINER:KING","Lion",""
"65","24","SURPRISE:LINE:BIRTHDAY","Party",""
"65","24","RED:GO:CAR","Stop","light"
"65","24","MOUSE : SHARP : BLUE","Cheese",""
"66","24","QUACK:POND:WADDLE","Duck",""
"66","24","ATHLETES:WEB:RABBIT","Foot",""
"66","24","HONEY:SWARM:STING","Bee",""
"66","24","MATCHES:SMOKE:BUSH","Fire",""
"66","24","CHOCOLATE:FORTUNE:TIN","Cookie","cookie"
"66","24","CURIOSITY:NAP:WHISKERS","Cat",""
"66","24","STALK:TRAINER:KING","Lion",""
"66","24","SURPRISE:LINE:BIRTHDAY","Party","party"
"66","24","RED:GO:CAR","Stop",""
"66","24","MOUSE : SHARP : BLUE","Cheese",""
"69","25","QUACK:POND:WADDLE","Duck","duck"
"69","25","ATHLETES:WEB:RABBIT","Foot",""
"69","25","HONEY:SWARM:STING","Bee","bee"
"69","25","MATCHES:SMOKE:BUSH","Fire","fire"
"69","25","CHOCOLATE:FORTUNE:TIN","Cookie","cookie"
"69","25","CURIOSITY:NAP:WHISKERS","Cat",""
"69","25","STALK:TRAINER:KING","Lion","dom"
"69","25","SURPRISE:LINE:BIRTHDAY","Party","cake"
"69","25","RED:GO:CAR","Stop","pool"
"69","25","MOUSE : SHARP : BLUE","Cheese","tooth"
"70","25","QUACK:POND:WADDLE","Duck",""
"70","25","ATHLETES:WEB:RABBIT","Foot",""
"70","25","HONEY:SWARM:STING","Bee","bee"
"70","25","MATCHES:SMOKE:BUSH","Fire","fire"
"70","25","CHOCOLATE:FORTUNE:TIN","Cookie","cookie"
"70","25","CURIOSITY:NAP:WHISKERS","Cat",""
"70","25","STALK:TRAINER:KING","Lion",""
"70","25","SURPRISE:LINE:BIRTHDAY","Party",""
"70","25","RED:GO:CAR","Stop","light"
"70","25","MOUSE : SHARP : BLUE","Cheese",""
"71","26","QUACK:POND:WADDLE","Duck","duck"
"71","26","ATHLETES:WEB:RABBIT","Foot",""
"71","26","HONEY:SWARM:STING","Bee","Bee"
"71","26","MATCHES:SMOKE:BUSH","Fire",""
"71","26","CHOCOLATE:FORTUNE:TIN","Cookie","Cookie"
"71","26","CURIOSITY:NAP:WHISKERS","Cat","Cat"
"71","26","STALK:TRAINER:KING","Lion",""
"71","26","SURPRISE:LINE:BIRTHDAY","Party","Party"
"71","26","RED:GO:CAR","Stop",""
"71","26","MOUSE : SHARP : BLUE","Cheese","Cheese"
"72","26","QUACK:POND:WADDLE","Duck","duck"
"72","26","ATHLETES:WEB:RABBIT","Foot","foot"
"72","26","HONEY:SWARM:STING","Bee","bee"
"72","26","MATCHES:SMOKE:BUSH","Fire",""
"72","26","CHOCOLATE:FORTUNE:TIN","Cookie","cookie"
"72","26","CURIOSITY:NAP:WHISKERS","Cat","cat"
"72","26","STALK:TRAINER:KING","Lion",""
"72","26","SURPRISE:LINE:BIRTHDAY","Party","party"
"72","26","RED:GO:CAR","Stop","ride"
"72","26","MOUSE : SHARP : BLUE","Cheese","teeth"
"73","27","QUACK:POND:WADDLE","Duck","duck"
"73","27","ATHLETES:WEB:RABBIT","Foot",""
"73","27","HONEY:SWARM:STING","Bee","Bee"
"73","27","MATCHES:SMOKE:BUSH","Fire",""
"73","27","CHOCOLATE:FORTUNE:TIN","Cookie","cookie"
"73","27","CURIOSITY:NAP:WHISKERS","Cat","cat"
"73","27","STALK:TRAINER:KING","Lion",""
"73","27","SURPRISE:LINE:BIRTHDAY","Party","party"
"73","27","RED:GO:CAR","Stop","light"
"73","27","MOUSE : SHARP : BLUE","Cheese",""
"74","27","QUACK:POND:WADDLE","Duck","Duck"
"74","27","ATHLETES:WEB:RABBIT","Foot","Tortoise"
"74","27","HONEY:SWARM:STING","Bee","Bee"
"74","27","MATCHES:SMOKE:BUSH","Fire","Wildfire"
"74","27","CHOCOLATE:FORTUNE:TIN","Cookie",""
"74","27","CURIOSITY:NAP:WHISKERS","Cat","Cat"
"74","27","STALK:TRAINER:KING","Lion","Giant"
"74","27","SURPRISE:LINE:BIRTHDAY","Party","Party"
"74","27","RED:GO:CAR","Stop","Yellow"
"74","27","MOUSE : SHARP : BLUE","Cheese","Trap"
"75","28","QUACK:POND:WADDLE","Duck","DUCK"
"75","28","ATHLETES:WEB:RABBIT","Foot","foot"
"75","28","HONEY:SWARM:STING","Bee","bee"
"75","28","MATCHES:SMOKE:BUSH","Fire","fire"
"75","28","CHOCOLATE:FORTUNE:TIN","Cookie","cookie"
"75","28","CURIOSITY:NAP:WHISKERS","Cat","cat"
"75","28","STALK:TRAINER:KING","Lion",""
"75","28","SURPRISE:LINE:BIRTHDAY","Party","party"
"75","28","RED:GO:CAR","Stop",""
"75","28","MOUSE : SHARP : BLUE","Cheese",""
"76","28","QUACK:POND:WADDLE","Duck",""
"76","28","ATHLETES:WEB:RABBIT","Foot",""
"76","28","HONEY:SWARM:STING","Bee",""
"76","28","MATCHES:SMOKE:BUSH","Fire",""
"76","28","CHOCOLATE:FORTUNE:TIN","Cookie",""
"76","28","CURIOSITY:NAP:WHISKERS","Cat",""
"76","28","STALK:TRAINER:KING","Lion",""
"76","28","SURPRISE:LINE:BIRTHDAY","Party","years"
"76","28","RED:GO:CAR","Stop",""
"76","28","MOUSE : SHARP : BLUE","Cheese",""
"77","29","QUACK:POND:WADDLE","Duck",""
"77","29","ATHLETES:WEB:RABBIT","Foot","luc"
"77","29","HONEY:SWARM:STING","Bee",""
"77","29","MATCHES:SMOKE:BUSH","Fire",""
"77","29","CHOCOLATE:FORTUNE:TIN","Cookie","cookie"
"77","29","CURIOSITY:NAP:WHISKERS","Cat","cat"
"77","29","STALK:TRAINER:KING","Lion",""
"77","29","SURPRISE:LINE:BIRTHDAY","Party","party"
"77","29","RED:GO:CAR","Stop","light"
"77","29","MOUSE : SHARP : BLUE","Cheese","cheese"
"78","29","QUACK:POND:WADDLE","Duck","duck"
"78","29","ATHLETES:WEB:RABBIT","Foot","foot"
"78","29","HONEY:SWARM:STING","Bee","bee"
"78","29","MATCHES:SMOKE:BUSH","Fire","fire"
"78","29","CHOCOLATE:FORTUNE:TIN","Cookie","cookie"
"78","29","CURIOSITY:NAP:WHISKERS","Cat","cat"
"78","29","STALK:TRAINER:KING","Lion",""
"78","29","SURPRISE:LINE:BIRTHDAY","Party","party"
"78","29","RED:GO:CAR","Stop","light"
"78","29","MOUSE : SHARP : BLUE","Cheese",""
"79","30","QUACK:POND:WADDLE","Duck","Paradise"
"79","30","ATHLETES:WEB:RABBIT","Foot","sports"
"79","30","HONEY:SWARM:STING","Bee","beehive"
"79","30","MATCHES:SMOKE:BUSH","Fire","forest fire"
"79","30","CHOCOLATE:FORTUNE:TIN","Cookie","christmas"
"79","30","CURIOSITY:NAP:WHISKERS","Cat","cat"
"79","30","STALK:TRAINER:KING","Lion","Ruler"
"79","30","SURPRISE:LINE:BIRTHDAY","Party","party"
"79","30","RED:GO:CAR","Stop","firetruck"
"79","30","MOUSE : SHARP : BLUE","Cheese","trap"
"8","3","QUACK:POND:WADDLE","Duck","duck"
"8","3","ATHLETES:WEB:RABBIT","Foot","foot"
"8","3","HONEY:SWARM:STING","Bee","bee"
"8","3","MATCHES:SMOKE:BUSH","Fire","wood"
"8","3","CHOCOLATE:FORTUNE:TIN","Cookie","cookie"
"8","3","CURIOSITY:NAP:WHISKERS","Cat","cat"
"8","3","STALK:TRAINER:KING","Lion",""
"8","3","SURPRISE:LINE:BIRTHDAY","Party","party"
"8","3","RED:GO:CAR","Stop",""
"8","3","MOUSE : SHARP : BLUE","Cheese","cheese"
"80","30","QUACK:POND:WADDLE","Duck",""
"80","30","ATHLETES:WEB:RABBIT","Foot","HOLE"
"80","30","HONEY:SWARM:STING","Bee","BEE"
"80","30","MATCHES:SMOKE:BUSH","Fire","FLAME"
"80","30","CHOCOLATE:FORTUNE:TIN","Cookie",""
"80","30","CURIOSITY:NAP:WHISKERS","Cat","LONG"
"80","30","STALK:TRAINER:KING","Lion",""
"80","30","SURPRISE:LINE:BIRTHDAY","Party","PRESENT"
"80","30","RED:GO:CAR","Stop","RACE"
"80","30","MOUSE : SHARP : BLUE","Cheese","TAIL"
"82","31","QUACK:POND:WADDLE","Duck","duck"
"82","31","QUACK:POND:WADDLE","Duck","duck"
"82","31","ATHLETES:WEB:RABBIT","Foot",""
"82","31","ATHLETES:WEB:RABBIT","Foot","foot"
"82","31","HONEY:SWARM:STING","Bee","pain"
"82","31","HONEY:SWARM:STING","Bee","bee"
"82","31","MATCHES:SMOKE:BUSH","Fire","leaves (tbh I didn't read the instructions well so i'm not sure what i'm doing)"
"82","31","MATCHES:SMOKE:BUSH","Fire",""
"82","31","CHOCOLATE:FORTUNE:TIN","Cookie","cocoa"
"82","31","CHOCOLATE:FORTUNE:TIN","Cookie","cookie"
"82","31","CURIOSITY:NAP:WHISKERS","Cat","cat"
"82","31","CURIOSITY:NAP:WHISKERS","Cat","cat"
"82","31","STALK:TRAINER:KING","Lion","athlete"
"82","31","STALK:TRAINER:KING","Lion",""
"82","31","SURPRISE:LINE:BIRTHDAY","Party","song"
"82","31","SURPRISE:LINE:BIRTHDAY","Party","party"
"82","31","RED:GO:CAR","Stop","stop (really don't know what I""m answering-sorry!)"
"82","31","RED:GO:CAR","Stop",""
"82","31","MOUSE : SHARP : BLUE","Cheese","cheese"
"82","31","MOUSE : SHARP : BLUE","Cheese",""
"9","3","QUACK:POND:WADDLE","Duck",""
"9","3","ATHLETES:WEB:RABBIT","Foot",""
"9","3","HONEY:SWARM:STING","Bee","bee"
"9","3","MATCHES:SMOKE:BUSH","Fire",""
"9","3","CHOCOLATE:FORTUNE:TIN","Cookie",""
"9","3","CURIOSITY:NAP:WHISKERS","Cat",""
"9","3","STALK:TRAINER:KING","Lion",""
"9","3","SURPRISE:LINE:BIRTHDAY","Party","party"
"9","3","RED:GO:CAR","Stop",""
"9","3","MOUSE : SHARP : BLUE","Cheese",""
"991104206","2","QUACK:POND:WADDLE","Duck","duck"
"991104206","2","ATHLETES:WEB:RABBIT","Foot",""
"991104206","2","HONEY:SWARM:STING","Bee","bee"
"991104206","2","MATCHES:SMOKE:BUSH","Fire","light"
"991104206","2","CHOCOLATE:FORTUNE:TIN","Cookie","cookie"
"991104206","2","CURIOSITY:NAP:WHISKERS","Cat","cat"
"991104206","2","STALK:TRAINER:KING","Lion",""
"991104206","2","SURPRISE:LINE:BIRTHDAY","Party","party"
"991104206","2","RED:GO:CAR","Stop","light"
"991104206","2","MOUSE : SHARP : BLUE","Cheese","pen"
"991136713","2","QUACK:POND:WADDLE","Duck","DUCK"
"991136713","2","ATHLETES:WEB:RABBIT","Foot","FOOT"
"991136713","2","HONEY:SWARM:STING","Bee","BEE"
"991136713","2","MATCHES:SMOKE:BUSH","Fire","FIRE"
"991136713","2","CHOCOLATE:FORTUNE:TIN","Cookie","COOKIE"
"991136713","2","CURIOSITY:NAP:WHISKERS","Cat","CAT"
"991136713","2","STALK:TRAINER:KING","Lion","STRONG"
"991136713","2","SURPRISE:LINE:BIRTHDAY","Party","HAPPY"
"991136713","2","RED:GO:CAR","Stop",""
"991136713","2","MOUSE : SHARP : BLUE","Cheese","trap"
"fafadfa","f32344","QUACK:POND:WADDLE","Duck",""
"fafadfa","f32344","ATHLETES:WEB:RABBIT","Foot",""
"fafadfa","f32344","HONEY:SWARM:STING","Bee",""
"fafadfa","f32344","MATCHES:SMOKE:BUSH","Fire",""
"fafadfa","f32344","CHOCOLATE:FORTUNE:TIN","Cookie",""
"fafadfa","f32344","CURIOSITY:NAP:WHISKERS","Cat",""
"fafadfa","f32344","STALK:TRAINER:KING","Lion",""
"fafadfa","f32344","SURPRISE:LINE:BIRTHDAY","Party",""
"fafadfa","f32344","RED:GO:CAR","Stop",""
"fafadfa","f32344","MOUSE : SHARP : BLUE","Cheese",""
