"","partID","V8","V10","genderE","dyadID","Q38","Q28","age","calss","gender","gender_TEXT","race","race_TEXT","relstatus","relstatus_TEXT","sexor","sexor_TEXT","maaclpre_1","maaclpre_2","maaclpre_3","maaclpre_4","maaclpre_5","maaclpre_6","maaclpre_7","maaclpre_8","maaclpre_9","maaclpre_10","maaclpre_11","maaclpre_12","maaclpre_13","maaclpre_14","maaclpre_15","maaclpre_16","maaclpre_17","maaclpre_18","maaclpre_19","maaclpre_20","maaclpre_21","maaclpre_22","maaclpre_23","maaclpre_24","maaclpre_25","maaclpre_26","sexismpre_1_TEXT","sexismpre_2_TEXT","sexismpre_3_TEXT","sexismpre_4_TEXT","sexismpre_5_TEXT","sexismpre_6_TEXT","sexismpre_7_TEXT","sexismpre_8_TEXT","Q34","ratintro","Q54_1","Q54_2","Q54_3","Q54_4","rat1_1_TEXT","Q55_1","Q55_2","Q55_3","Q55_4","rat2_1_TEXT","Q56_1","Q56_2","Q56_3","Q56_4","rat3_1_TEXT","Q57_1","Q57_2","Q57_3","Q57_4","rat4_1_TEXT","Q58_1","Q58_2","Q58_3","Q58_4","rat5_1_TEXT","Q59_1","Q59_2","Q59_3","Q59_4","rat6_1_TEXT","Q60_1","Q60_2","Q60_3","Q60_4","rat7_1_TEXT","Q61_1","Q61_2","Q61_3","Q61_4","rat8_1_TEXT","Q44_1","Q44_2","Q44_3","Q44_4","rat9_1_TEXT","Q42_1","Q42_2","Q42_3","Q42_4","rat10_1_TEXT","maaclpost_1","maaclpost_2","maaclpost_3","maaclpost_4","maaclpost_5","maaclpost_6","maaclpost_7","maaclpost_8","maaclpost_9","maaclpost_10","maaclpost_11","maaclpost_12","maaclpost_13","maaclpost_14","maaclpost_15","maaclpost_16","maaclpost_17","maaclpost_18","maaclpost_19","maaclpost_20","maaclpost_21","maaclpost_22","maaclpost_23","maaclpost_24","maaclpost_25","maaclpost_26","otherint_1","otherint_2","otherint_3","otherint_4","otherint_5","otherint_6","otherint_7","otherint_8","otherint_9","otherint_10","otherint_11","otherint_12","howbody_1","howbody_2","howbody_3","metaint_1","metaint_2","metaint_3","metaint_4","metaint_5","metaint_6","metaint_7","metaint_8","metaint_9","metaint_10","metaint_11","metaint_12","selfint_1","selfint_2","selfint_3","selfint_4","selfint_5","selfint_6","selfint_7","selfint_8","selfint_9","selfint_10","selfint_11","selfint_12","inter_1","inter_2","inter_3","inter_4","inter_5","inter_6","inter_7","inter_8","inter_9","inter_10","inter_11","inter_12","inter_13","interaux_1","interaux_2","interaux_3","interaux_4","interaux_5","interaux_6","interaux_7","interaux_8","interaux_9","interaux_10","interaux_11","interaux_12","power_1","power_2","power_3","physanx_1","physanx_2","physanx_3","physanx_4","physanx_5","physanx_6","relag_1","relag_2","relag_3","relag_4","relag_5","relag_6","relag_7","relag_8","relag_9","Q17","incselfoth_1","careerasp_1","careerasp_2","careerasp_3","careerasp_4","careerasp_5","careerasp_6","careerasp_7","careerasp_8","careerasp_9","careerasp_10","tso_1","tso_2","tso_3","tso_4","tso_5","tso_6","tso_7","tso_8","tso_9","tso_10","obcs_1","obcs_2","obcs_3","obcs_4","obcs_5","obcs_6","obcs_7","obcs_8","obcs_9","obcs_10","obcs_11","obcs_12","obcs_13","obcs_14","obcs_15","obcs_16","obcs_17","obcs_18","obcs_19","obcs_20","obcs_21","obcs_22","obcs_23","obcs_24","isowomen_1","isowomen_2","isowomen_3","isowomen_4","isowomen_5","isowomen_6","isowomen_7","isowomen_8","isowomen_9","isowomen_10","isowomen_11","uesawomen_1","uesawomen_2","uesawomen_3","uesawomen_4","isomen_1","isomen_2","isomen_3","isomen_4","isomen_5","isomen_6","isomen_7","isomen_8","isomen_9","isomen_10","isomen_11","uesamen_1","uesamen_2","uesamen_3","uesamen_4","asi_1","asi_2","asi_3","asi_4","asi_5","asi_6","asi_7","asi_8","asi_9","asi_10","asi_11","asi_12","asi_13","asi_14","asi_15","asi_16","asi_17","asi_18","asi_19","asi_20","asi_21","asi_22","sse_1","sse_2","sse_3","sse_4","sse_5","sse_6","sse_7","sse_8","sse_9","sse_10","sse_11","sse_12","sse_13","sse_14","sse_15","sse_16","sse_17","sse_18","sse_19","sse_20","sse_21","knowpart","Q67","Q66","LocationLatitude","LocationLongitude","LocationAccuracy","external","internal","odiffthoughts","physanx5.r","physanx","extSOO","intSOO","a2pSOO","extmetaSOO","intmetaSOO","metaSOO","authenticity","howbody_avg","relag","careerasp4.r","careerasp7.r","careerasp10.r","careerasp","funcTSO","physTSO","TSO","anxious.r","uncomfort.r","hostile.r","apprehen.r","aggressive.r","satisfaction","trigram_score","avg_sexism","sexism_logel"
"1",3,2015-09-28 10:01:07,1,-1,2,1,1,"18","Freshman",2,"",3,"",NA,"",NA,"",2,3,1,1,4,4,3,5,1,4,5,1,1,3,3,1,1,4,1,4,3,4,3,2,5,3,"lazily, as the afternoon dragged by.","with desperation, as she had forgoten to study the night before.","with someone she would have normaly thought of.","with keen attentiveness.","in the late hours of the night.","with an endless patience","nervously having never done this before.","with practiced ease.",1,1,7.655,7.655,31.013,1,"Duck",9.288,9.288,31.009,1,"foot",6.436,6.436,31.018,1,"bee",20.377,20.961,31.023,2,"fire",7.116,29.482,31.021,2,"coin",1.891,25.282,31.03,2,"cat",3.142,3.142,31.004,1,"",1.605,1.605,31.034,1,"party",3.513,3.513,31.011,1,"light",2.539,2.539,31.012,1,"cheese",5,2,5,1,2,4,1,5,5,1,5,3,1,5,1,4,5,2,1,1,4,5,4,3,5,4,1,2,4,5,1,1,3,1,1,1,1,6,3,2,1,1,1,5,3,1,1,2,4,4,2,4,5,1,1,1,1,1,1,1,1,1,1,4,5,7,1,4,1,7,6,6,1,6,6,1,6,1,5,3,4,5,5,7,1,7,5,7,7,6,4,4,4,1,1,1,1,5,1,6,7,6,4,6,7,7,4,2,1,5,3,2,5,3,2,3,1,5,5,4,4,5,7,2,10,9,1,3,6,8,7,7,5,7,1,1,7,7,3,1,1,2,4,5,6,5,5,6,2,4,6,3,7,7,5,4,4,6,5,4,5,4,4,4,4,1,3,1,3,NA,NA,NA,NA,NA,NA,NA,NA,NA,NA,NA,NA,NA,NA,NA,2,1,4,1,2,5,5,1,3,2,1,1,4,4,1,3,1,6,1,1,1,2,2,4,1,5,1,1,3,1,1,3,1,4,5,1,3,4,3,1,2,4,1,NA,"","","42.242294311523","-71.809898376465","-1",1.25,3.5,-2.25,1,1,1.2,3,-1.8,1.2,3.85714285714286,-2.65714285714286,6,2.5,5.44444444444444,3,5,2,3.5,3.6,7.4,-3.8,7,7,4,6,2,5.76923076923077,7,3.57142857142857,3
"2",4,2015-09-28 09:59:26,1,-1,2,1,1,"18","",2,"",2,"",NA,"",NA,"",4,1,4,1,1,4,1,3,4,1,4,2,1,2,1,4,4,1,1,3,3,1,2,2,3,4,"relentlessly","all day","because she couldn't do it alone","quickly","for her family","every week","quietly","every month",1,1,1.472,1.472,31.014,1,"duck",10.291,12.463,31.015,3,"foot",3.401,5.889,31.021,2,"bee",1.967,9.207,31,2,"fire",1.174,10.501,31.013,2,"cookie",3.737,11.864,31.025,2,"cat",2.126,2.471,31.018,2,"man",3.533,3.533,31.006,1,"party",2.306,2.306,30.996,1,"fs",7.899,7.899,31.034,1,"trap",4,1,4,2,1,4,1,3,4,1,3,1,1,2,1,3,3,1,1,2,2,2,1,1,2,3,6,5,7,2,1,6,2,1,6,4,4,5,3,2,1,6,5,6,5,4,3,4,1,5,5,6,7,5,4,6,1,2,6,5,1,5,4,4,5,5,1,5,3,7,7,7,1,6,6,4,7,1,4,4,6,6,7,6,1,5,3,7,7,5,4,4,4,1,3,2,2,4,1,5,7,6,1,5,1,7,4,1,1,4,5,3,5,4,5,5,3,5,4,1,10,6,5,1,8,3,7,4,2,9,1,6,5,1,5,5,1,6,2,2,3,2,5,2,6,3,3,3,5,4,2,2,5,3,2,2,4,4,1,1,2,5,1,3,4,1,1,1,1,NA,NA,NA,NA,NA,NA,NA,NA,NA,NA,NA,NA,NA,NA,NA,1,1,3,1,1,6,5,1,1,1,1,2,5,1,1,2,2,4,4,1,4,2,3,4,2,4,1,1,4,1,1,2,1,5,4,4,3,2,1,4,3,4,2,NA,"","","42.242294311523","-71.809898376465","-1",4,4.5,-0.5,2,1.83333333333333,4.4,3.85714285714286,0.542857142857143,4.6,4.85714285714286,-0.257142857142857,6.22222222222222,2.5,4.11111111111111,2,3,5,4.2,5.2,5.8,-0.6,7,5,4,3,2,5.38461538461539,7,3.47619047619048,4
"3",5,2015-09-30 10:47:40,1,1,3,1,1,"18","Freshman",1,"",3,"",2,"",NA,"",5,1,5,1,1,4,1,3,5,3,3,5,1,5,1,5,4,1,1,1,4,5,5,4,5,5,"on the table","because it was hard","; she was lost","and was amazed by the stupidity of media organizations","for herself","for pocket-money"," for his mom","of the car",1,1,3.591,27.949,31.015,7,"",0,0,31.015,0,"",17.808,27.015,31.017,4,"",20.654,23.814,31.017,3,"fire",0,0,31.009,0,"",12.97,15.842,31.003,2,"cat",3.181,6.396,31.002,4,"",0,0,31.012,0,"",0,0,31.035,0,"",8.144,12.823,31.04,2,"cheese",5,1,5,1,1,4,1,5,5,3,4,5,1,5,1,5,5,1,1,1,4,5,5,4,5,5,5,4,3,4,1,3,1,4,1,4,1,4,1,1,1,5,5,4,5,5,3,1,4,3,4,2,4,4,4,2,1,1,4,2,7,1,4,2,2,6,1,3,1,4,3,4,1,2,2,3,5,1,2,5,4,5,5,5,5,3,2,2,4,1,3,7,4,1,1,1,1,5,1,7,7,1,6,6,7,7,7,1,1,4,5,5,5,1,4,5,5,5,1,1,8,9,10,7,3,1,6,2,5,4,7,1,5,7,1,1,1,1,1,1,1,1,1,1,1,1,1,1,7,1,1,1,7,1,NA,NA,NA,NA,NA,NA,NA,NA,NA,NA,NA,NA,NA,NA,NA,1,1,6,1,1,1,1,1,1,2,1,1,1,1,1,1,1,1,2,1,6,5,3,6,1,1,1,3,2,1,1,1,6,1,1,2,1,3,5,1,5,1,1,5,1,5,1,1,5,5,1,5,1,1,1,1,5,1,2,"What people care about when they are interacting with a possibly romantic partner","nope","42.242294311523","-71.809898376465","-1",3.5,2.25,1.25,1,1,3.4,2.57142857142857,0.828571428571428,4.4,3.28571428571429,1.11428571428571,3.77777777777778,1,5.44444444444444,5,1,5,4.1,7,4,3,7,7,4,4,2,4.07692307692308,3,3.04761904761905,3
"4",6,2015-09-30 10:50:58,1,1,3,1,1,"19","first year",1,"",3,"",1,"",NA,"",4,1,4,1,1,5,1,5,4,2,5,4,1,3,1,5,5,1,1,1,4,4,5,5,3,4,"madly","intensely","timidly","distractedly","quickly","effortlessly","paternally","painstakingly",1,1,6.108,30.769,31.016,7,"Duck",4.084,4.084,31.018,1,"foot",3.993,3.993,31.032,1,"bee",3.696,3.696,31.026,1,"fire",3.777,3.777,31.04,1,"cookie",3.341,3.341,31.041,1,"cat",5.507,5.507,31.016,1,"",3.568,3.568,31.02,1,"party",7.559,7.559,31.041,1,"light",5.527,5.527,31.056,1,"cheese",3,1,4,1,2,4,1,4,2,1,5,1,1,2,1,4,4,1,1,1,3,5,5,4,1,3,5,6,4,1,5,1,4,7,2,2,7,5,1,1,4,7,5,5,1,6,1,2,3,1,3,7,3,6,5,3,1,6,1,3,7,1,1,7,3,4,3,5,2,7,4,4,1,6,4,3,7,1,7,1,5,4,6,5,1,5,7,4,6,1,5,4,5,1,2,2,3,2,2,3,6,1,5,4,7,5,2,4,1,2,1,1,5,1,3,4,3,1,1,5,9,2,8,7,5,4,1,10,6,3,3,7,7,1,2,1,3,7,7,2,1,1,2,1,7,5,1,2,7,3,5,2,6,1,NA,NA,NA,NA,NA,NA,NA,NA,NA,NA,NA,NA,NA,NA,NA,1,1,4,1,1,2,1,1,2,1,2,1,1,1,1,1,1,4,1,1,6,6,3,3,1,1,1,3,1,1,1,1,6,1,1,6,1,3,3,2,2,1,3,3,1,3,2,2,4,3,2,3,5,3,1,4,5,1,2,"Communication in the foundation of relationships","","42.242294311523","-71.809898376465","-1",4.5,5,-0.5,4,2.33333333333333,3.8,4.28571428571429,-0.485714285714286,4.4,3.14285714285714,1.25714285714286,5,1,4.11111111111111,5,3,1,2.5,5,6,-1,5,6,4,4,2,4.61538461538461,8,3.23809523809524,4
"5",7,2015-10-02 12:52:11,1,-1,4,1,1,"23","first year",2,"",2,"",2,"",NA,"",2,1,4,2,2,4,2,4,4,3,4,3,2,4,2,4,4,3,1,2,2,5,5,4,4,5,"impatiently.","desperately.","because it's late.","very carefully.","for her children.","to earn some extra money.","with a smile.","for no reason.",1,1,13.05,13.05,31.019,1,"DIVE",14.711,15.497,31.012,2,"JUMP",2.259,2.259,31.033,1,"BEE",4.656,4.656,31.012,1,"FIRE",2.08,2.08,31.034,1,"HAPPINESS",2.889,2.889,31.03,1,"MICE",17.948,17.948,31.013,1,"ATHLETHE",4.605,24.516,31.034,6,"PARTY",1.047,1.047,31.018,1,"TRAFFIC",1.654,1.654,31.009,1,"TRA",4,1,4,1,2,4,1,5,5,1,3,3,1,5,1,5,4,1,1,1,1,4,5,5,4,4,5,2,7,6,1,3,5,7,5,3,7,4,1,1,1,4,1,7,6,1,2,4,6,6,4,6,5,4,2,7,7,1,1,6,7,5,4,7,7,5,2,5,1,6,7,7,1,7,7,2,7,1,6,4,6,6,7,7,1,6,6,6,7,5,4,4,4,1,1,1,1,3,2,4,5,5,4,4,7,7,4,3,1,3,5,1,5,2,3,3,1,5,5,3,7,1,3,9,8,6,4,10,5,2,4,6,5,4,3,3,5,7,1,1,1,4,7,1,7,1,4,4,3,3,5,4,4,4,1,1,3,2,1,1,1,1,1,1,1,1,1,1,1,NA,NA,NA,NA,NA,NA,NA,NA,NA,NA,NA,NA,NA,NA,NA,1,1,1,2,1,5,6,1,1,1,1,1,3,1,1,1,1,2,4,1,5,2,2,3,1,3,1,1,2,2,2,4,1,3,3,1,3,1,1,2,1,3,2,2,"About what you think of yourself can influence your interaction with other people.","Not really.","42.242294311523","-71.809898376465","-1",2.75,5.75,-3,3,1.5,2.8,5.85714285714286,-3.05714285714286,2.4,5.71428571428571,-3.31428571428571,6.44444444444444,1,4.77777777777778,4,5,3,3.9,5.2,5.8,-0.6,6,7,4,5,2,5.76923076923077,3,3.19047619047619,3.33333333333333
"6",8,2015-10-02 12:43:23,1,NA,4,1,1,"19","Sophomore",3,"",6,"Biracial - White/Chinese",1,"",NA,"",5,3,5,2,1,5,1,5,4,1,4,2,1,3,1,4,3,1,1,2,3,2,5,4,3,3,"that were buzzing around her face","that she was to take tomorrow","because her ride bailed on her at the last minute","as part of her morning routine","because she was hungry after a long day","while their parents were out on a date","before putting him down for a nap","in his car after the odometer hit 100,000 miles",1,1,1.529,15.16,31.015,3,"DUCK",6.518,29.175,31.034,4,"Exercise?",1.582,1.582,31.031,1,"BEE",2.538,2.538,31.015,1,"FIRE",7.184,7.184,31.021,1,"COOKIE",8.822,8.822,31.031,1,"CAT",15.429,15.429,31.03,1,"?",7.206,7.206,31.014,1,"PARTY",3.763,3.763,31.033,1,"?",2.768,2.768,31.001,1,"?",5,2,5,2,2,5,1,5,5,1,5,3,1,3,1,4,3,1,1,2,2,3,4,5,4,3,1,1,4,3,1,1,1,4,4,2,6,1,1,1,1,1,1,6,4,1,1,1,7,4,2,6,1,1,1,7,7,2,1,1,7,4,1,7,3,7,1,7,1,7,6,7,1,7,7,1,4,1,3,1,6,6,7,7,1,6,2,7,7,5,4,4,4,2,1,1,1,5,1,2,7,7,7,7,6,7,7,1,1,4,5,1,5,4,5,5,3,5,5,3,7,1,3,5,9,2,4,10,6,8,4,7,7,3,4,4,7,7,1,1,1,5,1,1,7,1,3,1,7,5,7,7,3,6,NA,NA,NA,NA,NA,NA,NA,NA,NA,NA,NA,NA,NA,NA,NA,NA,NA,NA,NA,NA,NA,NA,NA,NA,NA,NA,NA,NA,NA,NA,1,1,1,4,2,1,6,1,1,1,1,1,1,1,1,3,1,5,1,1,4,1,5,4,2,4,1,1,4,3,1,5,1,4,3,2,5,1,1,1,1,4,1,2,"College relationships, how students interact, and the like","","42.242294311523","-71.809898376465","-1",1.25,3,-1.75,1,1.16666666666667,1.2,3.28571428571429,-2.08571428571429,1.2,4.14285714285714,-2.94285714285714,6.88888888888889,1,5.66666666666667,2,3,3,3.9,4.6,6.4,-1.8,7,7,4,6,2,6.23076923076923,6,2.80952380952381,2.77777777777778
"7",9,2015-10-05 10:41:26,1,-1,5,1,1,"20","Sophomore",2,"",3,"",2,"",NA,"",2,2,3,1,2,2,1,4,2,3,4,1,1,1,2,3,2,1,1,1,1,1,2,2,1,2,", but failed to actually hit any of them.","in the weeks prior to the test.","and so the stranger directed her towards her street.","but mostly for the comics.","for herself and her dog, Patrick.",", finding them to be completely out of control the whole night.","because he was misinformed to believe that bottle feeding babies was better for them than breast feeding.","in his car.",1,1,1.797,1.797,31.016,1,"",2.543,2.543,31.013,1,"",3.539,3.539,31.024,1,"Bee",2.146,2.146,31.019,1,"Fire",2.121,2.121,31.013,1,"Cookie",24.416,24.416,31.012,1,"Cat",3.844,3.844,31.013,1,"",1.399,1.399,31.037,1,"Who's",2.64,2.64,31.009,1,"Light",1.938,2.379,31.018,2,"Cheese",3,1,3,1,2,2,1,2,2,1,3,1,1,2,1,3,2,1,1,1,1,1,2,2,1,2,4,2,6,5,2,5,2,5,1,1,5,3,4,2,5,3,4,5,4,2,2,3,2,1,2,5,4,5,4,4,5,5,6,5,1,1,3,5,5,5,3,5,2,6,3,5,1,3,3,1,5,1,5,2,6,6,4,5,1,5,3,5,5,4,5,4,4,4,4,4,2,2,5,3,3,6,1,4,4,5,1,7,1,3,3,1,3,2,4,2,2,2,3,3,9,7,4,8,2,3,6,10,5,1,2,5,2,1,6,7,2,2,5,3,1,7,1,1,7,7,5,7,5,3,3,2,6,5,5,2,2,4,4,4,4,4,3,2,4,4,4,2,3,NA,NA,NA,NA,NA,NA,NA,NA,NA,NA,NA,NA,NA,NA,NA,1,1,3,1,1,5,5,1,2,1,1,1,4,1,2,2,1,6,3,2,6,2,2,3,4,2,4,2,2,4,4,3,2,2,2,4,3,3,3,3,2,3,3,2,"How various questions from a survey may or may not be able to affect our interactions, or at least, what we thought about during those interactions.","I struggle with depression and anxiety, but am on medication for both. Same with ADHD.","42.242294311523","-71.809898376465","-1",2.25,4,-1.75,4,3.83333333333333,2.8,3.85714285714286,-1.05714285714286,2.6,3.42857142857143,-0.828571428571428,4.33333333333333,3,3.77777777777778,4,4,3,2.9,7,4,3,5,6,4,6,2,4.46153846153846,5,3.0952380952381,2.66666666666667
"8",10,2015-10-05 10:43:03,1,-1,5,1,1,"19","Freshmen",2,"",3,"",3,"I am currently somewhat involved withseveral different individuals",NA,"",1,1,1,2,3,3,2,1,2,3,4,1,1,3,2,3,3,1,1,1,3,3,3,2,1,3,"buzzing above her head","inorder to pass","beacuse she felt unsafe by her self","every morning while he sipped his coffee","for her roommate","for 15 dollers an hour","three times a day","twice a month",1,1,6.983,6.983,31.015,1,"duck",1.891,1.891,31.007,1,"foot",2.877,2.877,31.013,1,"bee",2.165,2.165,31.005,1,"fire",3.052,3.052,30.999,1,"cookie",2.577,2.577,31.004,1,"cat",3.168,3.168,31.02,1,"",2.492,2.492,31.019,1,"party",2.139,3.203,31.015,2,"",2.508,2.508,31.01,1,"trap",3,1,2,1,3,2,1,1,2,2,2,1,1,2,1,3,2,1,1,1,1,2,2,2,1,3,3,3,4,3,1,4,3,4,3,3,4,3,1,1,1,3,2,3,2,1,4,1,3,2,3,3,3,4,3,3,3,1,4,2,3,2,4,3,3,3,1,4,2,4,3,4,1,4,4,2,4,1,6,2,5,4,5,5,1,4,5,5,5,3,5,4,3,4,4,5,4,2,3,6,6,6,4,6,7,6,4,2,1,4,4,3,3,1,2,2,1,4,4,2,9,8,1,7,6,4,10,3,5,2,2,2,3,1,5,5,1,2,5,5,3,4,2,5,2,6,1,3,2,1,3,2,5,2,5,5,7,6,3,4,2,5,3,5,4,4,4,3,4,NA,NA,NA,NA,NA,NA,NA,NA,NA,NA,NA,NA,NA,NA,NA,1,1,2,1,1,5,6,2,3,1,2,1,6,2,1,1,4,5,2,2,5,2,1,3,4,1,4,3,1,2,4,3,3,3,1,3,2,3,4,3,2,3,3,2,"It was good but there where times where I wasn't sure exactly what was being asked of me. In addition the second question section was extremely long.","","42.242294311523","-71.809898376465","-1",2.5,3.5,-1,4,4,2.8,3.42857142857143,-0.628571428571429,2.6,2.42857142857143,0.171428571428572,4,1,5.22222222222222,5,5,4,3.6,7.8,3.2,4.6,7,6,4,5,2,4.23076923076923,7,2.9047619047619,3
"9",11,2015-10-06 11:48:16,1,-1,6,1,1,"19","first year",2,"",3,"",1,"",NA,"",5,1,5,1,1,3,1,5,4,1,4,3,1,5,1,5,5,1,1,1,3,4,4,5,4,3,"to get them out of the room","so she could get a better grade","because she had missed the bus","every morning","with her friends",", they were very well behaved.","smiling as it drank","in his car",1,1,0,0,31.04,0,"",6.104,9.879,31.021,2,"foot",7.213,7.213,31.013,1,"bee",0,0,31.006,0,"",0,0,31.011,0,"",8.198,8.198,31.031,1,"cat",0,0,31.014,0,"",14.853,14.853,31.017,1,"party",0,0,31.015,0,"",10.827,10.827,31.005,1,"",4,2,3,4,1,3,1,5,2,4,4,4,1,2,1,4,1,1,1,5,3,3,3,4,3,3,2,2,7,7,1,1,3,4,3,2,5,5,4,4,4,4,4,7,5,5,2,2,1,1,2,1,2,4,6,6,6,1,1,3,1,2,5,1,5,7,1,6,1,7,7,7,1,7,7,1,7,1,7,6,7,7,7,7,1,7,7,7,7,7,1,3,4,1,2,1,2,4,1,5,7,5,2,7,7,7,2,3,1,6,4,2,5,1,3,5,1,5,5,2,5,1,10,9,6,4,3,7,2,8,2,7,5,3,6,6,3,5,1,2,1,5,6,1,7,2,3,3,6,2,3,5,4,3,5,6,5,6,5,5,1,5,5,6,6,2,2,2,4,NA,NA,NA,NA,NA,NA,NA,NA,NA,NA,NA,NA,NA,NA,NA,1,5,6,4,5,1,5,2,4,4,2,3,3,2,3,5,4,2,4,1,3,1,4,5,2,3,1,2,4,2,2,5,2,4,2,3,5,1,1,1,1,4,1,1,"college relationships","Andrew and I are actually kind of an unofficial couple so I already knew quite a lot about him","42.242294311523","-71.809898376465","-1",1.75,5,-3.25,2,1.5,1.6,4.85714285714286,-3.25714285714286,3.4,2.71428571428571,0.685714285714285,6.88888888888889,4,5,5,5,4,4.3,4,7,-3,7,7,4,6,2,6.23076923076923,4,2.9047619047619,3
"10",12,2015-10-06 11:52:58,1,1,6,1,1,"18","first year",1,"",3,"",1,"",NA,"",4,1,3,2,2,5,2,4,4,3,4,2,1,3,1,4,4,1,1,2,3,3,3,3,3,3,"gleefully","because she is not responsible","so she could see her family","aloud","by herself","for a measely amount of money","sideways","wrong",1,1,3.185,26.231,31.018,6,"duck",2.12,2.12,31.02,1,"legs",3.374,3.374,31.022,1,"bee",5.254,5.254,31.029,1,"fire",5.432,6.056,31.034,2,"cookie",7.665,7.665,31.016,1,"cat",23.924,23.924,31.039,1,"leader",3.935,3.935,31.032,1,"party",2.823,3.87,31.002,3,"race",3.312,3.312,31.017,1,"tail",4,2,4,2,2,4,2,4,4,2,4,3,1,2,2,4,3,1,1,2,3,3,3,3,4,3,7,5,7,7,5,7,7,5,4,5,6,6,2,2,2,7,7,7,7,6,7,7,6,6,4,5,6,3,4,7,7,5,7,7,2,5,1,4,4,7,1,7,2,7,7,7,1,7,7,3,7,1,7,7,7,4,7,7,1,7,7,7,7,6,6,5,4,1,1,1,1,5,1,4,7,7,4,7,7,7,4,1,1,7,5,3,5,5,4,5,2,5,4,2,10,3,8,6,2,4,1,7,9,5,5,2,5,5,3,5,5,6,2,4,3,2,5,1,5,3,2,1,7,2,2,2,5,3,NA,NA,NA,NA,NA,NA,NA,NA,NA,NA,NA,NA,NA,NA,NA,1,3,3,3,1,1,1,3,3,2,2,1,1,1,1,1,2,2,2,4,3,6,3,4,2,3,4,6,2,2,2,2,4,4,1,5,4,4,5,2,5,2,2,5,1,1,5,1,5,5,2,NA,1,1,2,2,5,1,1,"Dating in college","","42.242294311523","-71.809898376465","-1",5.5,6.5,-1,1,1,5.8,6,-0.2,6.2,6.28571428571429,-0.0857142857142854,7,2,5.33333333333333,1,4,4,4,5.8,5.2,0.6,7,6,4,4,2,6.07692307692308,6,3.14285714285714,3.11111111111111
"11",13,2015-10-07 13:58:38,1,-1,7,1,1,"19","Sophomore",2,"",3,"",2,"",NA,"",5,1,3,1,3,3,2,5,3,3,4,3,1,4,1,3,3,1,1,1,2,2,2,2,2,3,"flying around her head.","two hours beforehand.","after a long night out.","while having his morning coffee.","after work.","every Thursday night.","while his brother was doing yard work.","before his long trip.",1,1,5.073,19.055,31.015,2,"duck",2.872,2.872,31.007,1,"Foot",3.537,3.537,31.025,1,"Bee",4.075,4.075,31.016,1,"Fire",8.793,8.793,31.012,1,"",7.546,7.546,31.02,1,"Cat",0,0,30.997,0,"",14.792,14.792,31.005,1,"Party",3.3,3.3,31.039,1,"Driving",2.933,2.933,31.005,1,"Cheese",4,1,4,1,3,5,1,5,3,3,3,4,1,4,1,3,4,1,1,1,3,3,2,2,3,3,7,6,7,5,5,6,7,5,5,5,5,7,2,2,1,7,7,7,3,6,6,5,6,5,6,3,5,7,7,6,2,7,5,7,6,7,5,6,7,2,3,4,5,6,5,4,3,4,4,6,6,1,2,4,5,6,7,7,6,6,4,5,5,1,3,4,4,4,3,3,4,3,3,2,6,5,2,7,6,6,4,2,1,1,2,4,4,1,4,5,1,3,5,1,9,10,5,6,2,1,7,4,3,8,3,4,5,3,3,4,3,5,5,1,2,5,2,5,7,5,4,5,3,3,5,5,5,4,6,4,4,6,5,5,6,6,4,3,6,2,5,3,4,NA,NA,NA,NA,NA,NA,NA,NA,NA,NA,NA,NA,NA,NA,NA,1,1,4,2,4,4,5,2,3,3,1,4,6,3,1,3,1,6,3,2,6,2,3,3,3,3,1,1,2,1,1,4,1,4,3,3,5,2,2,3,1,2,3,2,"How college students interact with strangers, and how they evaluate a potential romantic partner.","","42.242294311523","-71.809898376465","-1",5.75,6.5,-0.75,3,3.33333333333333,5.8,5.85714285714286,-0.0571428571428569,6.4,4.85714285714286,1.54285714285714,4.77777777777778,2,4.44444444444444,5,5,5,4.2,7,4,3,5,3,2,1,2,3.76923076923077,7,2.52380952380952,2.11111111111111
"12",14,2015-10-07 14:01:33,1,1,7,1,1,"18","Sophomore",1,"",3,"",2,"",NA,"",1,2,2,3,5,4,4,3,2,2,5,1,2,1,4,4,4,4,1,1,5,5,4,3,3,3,"in order for her to enjoy her meal in peace.","because she was up late all last week with her boyfriend.","because she was lost.","carefully, as it was his first time buying his own newspaper.","to help out the family.","to make money.","so it would stop crying.","to make his car more efficient.",1,1,1.77,14.616,31.017,3,"duck",6.931,6.931,31.016,1,"quick",2.984,2.984,31.019,1,"bee",5.12,5.12,31.033,1,"fire",4.626,4.626,31.013,1,"candy",7.153,7.153,31.011,1,"cat",7.227,7.227,31.022,1,"excercise",3.142,3.142,31.014,1,"happy",4.596,4.596,31.056,1,"drive",5.525,5.525,31.03,1,"trap",1,2,4,1,2,4,2,4,4,2,4,1,1,3,2,4,4,2,1,4,5,4,4,4,4,3,7,7,7,7,7,7,6,7,7,7,6,6,6,6,2,5,4,7,6,5,6,7,6,6,5,7,7,2,6,7,6,1,2,5,7,1,4,6,7,2,7,7,7,7,7,7,1,6,7,4,7,1,7,5,7,3,7,7,1,7,5,7,7,6,7,7,7,5,1,1,1,5,2,6,7,7,7,7,7,7,1,7,1,6,5,4,5,1,5,5,1,5,5,1,5,1,8,7,6,3,2,9,4,10,2,5,2,2,2,7,2,6,6,6,2,1,5,4,6,6,1,6,5,2,2,3,7,2,NA,NA,NA,NA,NA,NA,NA,NA,NA,NA,NA,NA,NA,NA,NA,1,5,6,6,5,1,1,6,1,6,1,1,1,1,1,1,1,1,5,1,6,2,4,5,5,4,2,5,1,3,1,4,6,1,5,6,1,4,4,5,3,4,1,5,3,5,4,1,4,5,5,4,2,3,5,1,4,5,2,"Seeing if two people are compatible.","None","42.242294311523","-71.809898376465","-1",7,6.25,0.75,1,1.83333333333333,7,6.57142857142857,0.428571428571429,5,6.57142857142857,-1.57142857142857,6.33333333333333,6,6.22222222222222,5,5,5,4.9,3.8,7.2,-3.4,1,1,4,3,2,4.69230769230769,4,3.47619047619048,3.88888888888889
"13",15,2015-10-08 12:45:59,1,-1,8,1,1,"20","Junior",2,"",1,"",2,"",NA,"",4,1,5,1,5,4,1,5,3,3,4,2,1,4,1,4,4,1,2,1,3,3,3,4,4,3,"because she was upset.","the night before.","from her best friend.","while on the train this morning.","for her and her family.","to earn from extra money.","while his wife was busy.","in his car.",1,1,3.326,3.326,31.046,1,"",6.226,25.464,31.015,4,"foot",25.768,25.768,31.012,1,"",1.989,1.989,31.016,1,"Flame",16.271,16.271,31.015,1,"",2.517,21.068,31.009,2,"",1.2,22.894,31.019,2,"Set",11.622,11.622,31.003,1,"Party",4.999,4.999,31.008,1,"light",3.229,3.229,31.015,1,"",5,3,3,5,4,3,1,5,2,3,3,1,3,2,1,3,2,1,2,4,3,4,2,2,1,2,4,2,7,4,2,1,7,5,4,4,3,4,2,4,2,4,3,5,4,2,1,5,6,4,5,6,4,7,6,5,6,6,1,7,6,4,5,5,3,5,5,6,3,7,4,6,1,5,5,3,7,1,3,3,7,7,6,7,2,6,3,5,7,4,4,4,5,3,2,4,3,3,5,3,2,7,1,6,7,6,4,7,1,5,5,4,5,1,5,5,1,4,5,1,7,2,1,9,6,5,4,10,8,3,1,6,2,1,7,5,3,3,5,6,2,7,2,4,5,7,1,3,6,2,2,2,6,5,7,3,3,4,3,4,7,5,1,3,1,1,1,1,1,NA,NA,NA,NA,NA,NA,NA,NA,NA,NA,NA,NA,NA,NA,NA,4,3,4,3,4,3,4,5,5,6,4,6,1,5,3,4,3,4,5,2,4,3,4,4,3,1,2,2,5,5,3,4,3,3,2,3,3,3,3,4,2,4,4,2,"I think it was a get way for me to understand more about myself when it comes to interacting with complete strangers.","","42.242294311523","-71.809898376465","-1",3,5.25,-2.25,3,3.33333333333333,2.6,4.85714285714286,-2.25714285714286,3,4.85714285714286,-1.85714285714286,5.66666666666667,3,4.77777777777778,5,5,5,4.8,6,5,1,3,5,4,4,2,4.84615384615385,2,3.23809523809524,3.44444444444444
"14",16,2015-10-08 12:49:28,1,-1,8,1,1,"18","First year",2,"",6,"Black and European America",2,"",NA,"",3,1,4,1,3,5,1,3,5,3,5,3,1,3,1,5,4,3,2,2,4,5,5,5,5,5," with a fly swatter","when she should have managed her time well","because she was drunk","and was annoyed with the yellow journalism","for her family","while their parents were on a date","while his wife slept","of his car",1,1,2.19,2.19,31.017,1,"duck",1.837,1.837,31.006,1,"foot",7.978,7.978,31.032,1,"bee",1.745,1.745,31.004,1,"fire",2.089,2.089,31.017,1,"ball",2.367,2.367,31.016,1,"cat",2.329,2.329,31.024,1,"",1.89,1.89,31.025,1,"party",5.801,5.801,30.989,1,"light",1.457,1.457,31.05,1,"keyboard",3,3,3,3,3,4,1,4,5,3,4,3,3,3,1,5,3,2,1,3,4,4,5,4,4,4,5,4,7,7,5,4,4,5,2,6,5,3,1,1,1,7,4,5,4,5,2,4,5,5,4,6,3,6,5,6,6,3,3,6,5,4,5,6,3,6,2,4,3,5,5,6,1,7,7,1,7,1,6,5,7,7,6,7,5,7,7,7,7,7,4,4,4,4,2,4,3,3,3,7,6,7,6,7,7,6,6,1,1,5,5,5,5,1,5,5,5,5,5,1,10,8,1,7,4,2,5,6,3,9,3,3,5,3,7,5,3,6,6,5,3,6,3,3,7,6,3,3,5,7,5,5,5,7,2,4,7,4,2,2,4,2,1,3,4,1,1,1,2,NA,NA,NA,NA,NA,NA,NA,NA,NA,NA,NA,NA,NA,NA,NA,1,1,5,2,1,1,6,1,1,1,1,1,6,1,1,2,1,6,1,1,6,3,5,4,3,3,1,1,5,4,2,3,2,5,4,4,3,1,4,5,2,5,5,2,"I think this study was about how people interact with each other and what role first impressions play on our behavior","","42.242294311523","-71.809898376465","-1",5,4.75,0.25,3,3.16666666666667,4.8,4.71428571428571,0.0857142857142854,4.4,4.57142857142857,-0.171428571428571,5.88888888888889,1,5.88888888888889,5,1,5,4.6,6.6,4.4,2.2,6,5,4,6,2,5.38461538461539,6,3.28571428571429,3.44444444444444
"15",17,2015-10-14 13:51:30,1,-1,9,1,1,"18","I don't know",2,"",2,"",1,"",NA,"",4,1,4,1,2,5,2,5,4,1,5,2,1,3,2,4,4,1,3,1,4,4,3,3,4,4,"to kill them.","that she has in four hours.","because her GPS is not working.","to find job opportunities.","for her family.","and was tired after.","because he wanted to help out.","because his car needed to be fixed.",1,1,12.515,12.515,31.012,1,"Paddle",1.496,1.496,31.018,1,"Speed",1.211,1.211,31.02,1,"Bee",3.951,20.311,31.034,2,"Trees",4.062,4.062,31.014,1,"Cookie",2.502,2.502,31.018,1,"Cat",12.562,12.562,31.018,1,"Hierarchy",3.923,3.923,31.014,1,"Party",4.521,4.521,31.006,1,"Driving",3.676,3.676,31.014,1,"Cheese",4,1,5,1,1,5,1,5,4,1,5,4,1,4,2,4,4,1,1,1,4,4,4,4,5,4,6,5,7,7,2,6,7,4,6,6,4,6,1,1,2,6,4,7,6,3,5,6,3,7,4,4,5,6,4,7,7,2,6,7,4,7,7,5,3,6,5,7,2,7,7,7,1,7,7,2,7,1,5,5,6,7,7,7,2,7,6,7,7,5,3,3,4,2,2,3,3,2,3,3,5,5,3,5,7,6,5,2,1,7,4,4,5,1,4,5,1,4,5,1,3,5,2,9,6,1,4,10,8,7,2,3,4,1,7,6,1,4,5,6,4,4,2,5,4,5,1,4,7,2,1,2,6,1,2,1,4,4,3,1,2,4,1,2,2,1,1,1,2,NA,NA,NA,NA,NA,NA,NA,NA,NA,NA,NA,NA,NA,NA,NA,3,4,3,4,4,3,4,3,6,4,4,5,1,4,4,5,3,3,4,5,3,4,4,3,3,3,2,2,4,2,4,2,3,4,3,5,4,2,2,4,2,4,4,2,"Self-image","I enjoyed participating in my first college psychology study.","42.242294311523","-71.809898376465","-1",4.75,6,-1.25,4,2.83333333333333,5,5.85714285714286,-0.857142857142857,4.4,5.42857142857143,-1.02857142857143,6.88888888888889,1,4.55555555555556,5,5,5,4.6,5.8,5.2,0.6,3,6,4,5,2,5.76923076923077,5,3.04761904761905,3.66666666666667
"16",18,2015-10-14 13:53:21,1,1,9,1,1,"18","First Year",1,"",6,"Mixed Race",2,"",NA,"",5,1,4,1,2,5,1,5,4,1,4,5,1,5,1,5,4,1,1,1,4,3,5,5,3,3,"and moved around the room.","and did her best.","from the movie theater.","on his commute.","tonight.","whenever she was available.","and was prepared to burp it.","in the car.",1,1,2.049,2.049,31.024,1,"Duck",3.412,3.412,31.011,1,"Fast\",2.322,2.322,31.011,1,"Bees",4.287,4.605,31.013,2,"Fire",3.58,3.58,31.013,1,"Rich",3.146,3.146,31.01,1,"Cat",4,4,31.032,1,"LIOn",1.85,1.85,31.06,1,"Party",6.009,6.009,31.032,1,"Race",4.078,4.078,31.03,1,"Computer",5,1,5,1,1,5,1,5,5,1,4,5,1,4,1,5,5,1,1,1,4,4,5,5,5,4,4,2,7,6,1,1,2,1,4,3,3,3,1,2,2,3,2,5,4,1,1,1,1,2,2,1,2,7,2,7,6,2,1,6,1,1,3,1,6,6,3,7,2,7,6,7,1,6,7,1,7,1,7,1,7,5,7,5,1,7,7,7,7,4,6,1,3,2,2,3,1,4,2,1,7,7,7,2,7,7,7,5,1,6,3,1,4,1,3,3,4,5,2,3,9,2,4,5,10,7,1,8,6,3,2,3,4,3,3,5,4,6,1,6,1,1,6,1,7,2,5,1,7,2,4,3,6,4,NA,NA,NA,NA,NA,NA,NA,NA,NA,NA,NA,NA,NA,NA,NA,1,2,4,3,1,1,1,2,1,1,2,1,1,1,1,2,1,2,2,1,5,5,4,5,1,1,5,4,2,2,2,5,1,5,4,5,3,3,4,1,4,1,2,2,2,1,2,1,5,4,1,4,1,3,5,3,4,2,2,"How interacting with another can affect the way you feel about yourself and your interactions?","","42.242294311523","-71.809898376465","-1",2.5,3.75,-1.25,2,2,2.2,3.71428571428571,-1.51428571428571,1.8,2.28571428571429,-0.485714285714286,6.44444444444444,1.5,5.55555555555556,5,2,3,3.1,4.6,6.4,-1.8,5,6,4,6,2,5.69230769230769,6,3,3.22222222222222
"17",19,2015-10-15 13:47:06,1,-1,10,1,1,"18","freshman",2,"",3,"",2,"",1,"",4,1,3,1,3,3,1,3,3,1,2,2,1,2,1,3,3,1,1,3,2,3,2,2,2,2,"because they bothered her.","hoping to pass it.","because she did not know her way around.","for an hour.","for her family.","for twenty dollars an hour.","until he was full.","in his new car.",1,1,2.026,14.057,31.017,2,"duck",4.812,27.631,31.007,2,"foot",3.031,16.454,31.019,2,"bee",4.161,4.161,31.016,1,"",3.299,12.441,31.016,2,"cookie",2.719,6.478,31.007,2,"cat",2.952,2.952,31.019,1,"",6.131,8.145,31.013,2,"party",2.016,2.016,31.022,1,"",2.386,27.392,31.018,2,"trap",4,1,3,1,2,2,1,2,2,1,3,1,1,2,1,4,2,1,1,2,3,2,2,2,2,2,6,3,5,5,4,2,5,2,6,4,2,4,1,1,1,4,3,4,3,2,2,5,1,4,1,3,3,4,3,4,4,2,1,5,1,5,3,1,1,3,4,4,5,5,5,5,1,2,3,2,5,1,6,4,6,6,5,7,2,7,6,7,6,5,3,4,4,3,2,3,3,2,5,1,3,6,1,3,6,3,3,1,1,4,4,4,4,1,2,4,5,4,3,2,9,5,1,8,3,2,6,10,7,4,2,7,2,2,6,7,2,3,4,3,4,6,2,5,2,7,2,2,6,2,2,2,6,2,4,3,4,4,4,4,5,4,4,3,4,1,1,2,1,NA,NA,NA,NA,NA,NA,NA,NA,NA,NA,NA,NA,NA,NA,NA,1,1,6,1,1,6,6,1,1,1,1,1,5,1,2,1,1,6,1,1,6,1,3,3,3,1,3,4,1,4,4,2,3,3,2,4,2,3,3,3,3,2,3,1,"I think this study was about how people in college form relationships and what people think when they first meet someone and how emotions and feelings can change after having a conversation with someone.","No","42.242294311523","-71.809898376465","-1",4.25,4,0.25,4,3.33333333333333,3.8,4.14285714285714,-0.342857142857143,2.4,3.28571428571429,-0.885714285714286,4.33333333333333,1,3,5,1,4,3.5,7,4,3,4,3,4,5,2,4,6,3.33333333333333,3.66666666666667
"18",20,2015-10-15 13:50:25,1,-1,10,1,1,"18","first year",2,"",3,"",2,"",1,"",4,1,4,1,3,5,1,4,4,3,4,2,1,3,1,4,4,1,1,1,3,4,4,2,2,3,"above her","for tomorrow","from the party","at the kitchen table","for her family","last night","the formula from the fridge","in his car",1,1,3.174,24.669,31.023,8,"bill",6.091,6.091,31.006,1,"foot",1.969,1.969,31.027,1,"bee",1.863,1.863,31.02,1,"fire",3.947,3.947,31.022,1,"cookie",1.686,1.686,31.012,1,"cat",1.784,1.784,31.012,1,"",1.963,1.963,31,1,"party",2.266,2.266,31.011,1,"driving",2.525,2.525,31.012,1,"cheese",3,1,4,1,2,5,1,4,3,3,5,3,1,3,1,4,3,1,1,3,4,3,2,2,2,2,5,5,6,5,3,5,6,4,5,3,6,6,2,2,2,5,2,5,5,2,2,6,6,5,5,5,5,5,3,4,5,2,2,5,5,5,5,5,5,5,1,6,2,6,5,5,1,5,4,4,6,1,6,3,6,5,6,6,5,6,6,6,6,5,5,4,4,3,2,2,2,2,4,5,6,6,2,4,5,6,2,2,1,5,5,5,5,1,5,5,1,5,5,4,9,4,1,10,3,2,5,7,8,6,3,5,6,2,5,6,2,5,6,4,3,3,5,2,3,6,5,4,5,3,5,3,5,5,2,2,4,2,2,2,3,3,2,3,2,2,2,2,2,NA,NA,NA,NA,NA,NA,NA,NA,NA,NA,NA,NA,NA,NA,NA,1,2,2,4,2,4,6,2,2,2,1,4,2,2,2,2,3,5,4,2,6,4,2,4,3,2,1,1,3,3,2,4,1,4,2,1,4,1,2,2,2,4,1,1,"relationships and views of oursleves","I messed up on the first of the trigram questions... I said bill but I know its duck I read the question wrong.","42.242294311523","-71.809898376465","-1",4,6,-2,4,2.83333333333333,4.2,5.42857142857143,-1.22857142857143,3.2,5.28571428571429,-2.08571428571429,5.33333333333333,2,4.22222222222222,5,5,2,4.7,7.2,3.8,3.4,7,6,4,3,2,4.92307692307692,7,3.19047619047619,3.44444444444444
"19",26,2015-10-19 11:08:08,1,1,12,1,1,"18","First Year",1,"",3,"",1,"",1,"",5,1,4,1,1,3,1,4,3,1,3,5,1,3,1,3,4,1,1,1,3,3,2,1,3,4,", and she missed.",", but she still failed.",", and Bob gave her a ride."," slowly because he is almost illiterate."," because she was hungry."," , and she stole the neighbor's dog.",", because Tom is a dad.","  in his car.",1,1,6.308,24.85,31.022,6,"Duck",2.047,2.047,31.015,1,"Foot",2.72,2.72,31.016,1,"Bee",2.037,7.196,31.011,2,"Fire",3.597,19.957,31.007,2,"Cookie",2.494,5.894,31.021,2,"Cat",16.024,16.024,31.021,1,"Li",1.248,20.933,31.017,5,"Cake",2.4,5.232,31.017,2,"Race",16.996,28.843,31.013,5,"Trap",5,1,4,1,1,3,1,4,4,1,4,5,1,3,1,3,3,1,1,1,3,3,4,3,3,4,7,1,7,7,1,1,5,5,5,5,7,7,1,1,1,7,1,5,7,1,1,5,6,1,6,5,6,1,1,1,4,1,1,1,3,1,1,4,2,6,5,6,1,7,4,7,1,7,7,1,6,1,4,4,7,7,7,7,1,7,6,7,7,6,4,4,4,1,1,1,1,5,1,6,6,6,1,5,7,6,1,2,1,4,5,3,5,3,5,3,1,3,1,3,10,2,3,8,5,6,4,7,1,9,1,7,4,7,7,1,1,7,1,1,1,1,7,1,7,1,1,1,1,1,1,1,7,2,NA,NA,NA,NA,NA,NA,NA,NA,NA,NA,NA,NA,NA,NA,NA,1,1,2,2,2,1,1,2,2,1,2,1,1,1,1,1,1,1,2,1,6,6,1,4,1,4,1,2,2,1,1,1,6,1,1,1,1,3,5,1,5,1,1,5,1,3,5,1,5,5,1,5,1,2,1,1,5,3,2,"College relationships","nope","42.242294311523","-71.809898376465","-1",3.5,6.5,-3,1,1,3,6.14285714285714,-3.14285714285714,3.2,5,-1.8,6.44444444444444,1,4.44444444444444,3,5,3,3.6,5,6,-1,3,7,4,6,2,5.61538461538461,6,3.04761904761905,2.77777777777778
"20",27,2015-10-19 11:56:53,1,1,12,1,1,"19","freshman",1,"",3,"",3,"no label, but pretty much ya",1,"",4,1,5,2,2,5,1,4,5,4,4,4,2,5,2,5,4,1,3,2,4,4,4,3,5,5," that were annoying her."," because she had not studied throough the week."," while her car was in the shop."," article about the presidential election."," for her family."," while they were out of town"," while his wife was at work."," of his car.",1,1,5.918,5.918,31.011,1,"duck",4.14,4.14,31.021,1,"foot",2.498,2.498,31.018,1,"bee",2.738,2.738,31.013,1,"",2.828,2.828,31.018,1,"container",2.835,3.675,31.016,2,"cat",3.671,3.671,31.016,1,"",2.323,2.323,31.012,1,"party",2.63,2.63,31.023,1,"light",4.441,4.441,31.02,1,"nose",5,1,5,1,1,4,1,5,5,4,4,4,1,4,1,4,4,1,2,2,4,4,4,4,5,4,3,3,7,7,2,4,3,4,2,2,5,7,1,1,1,2,1,7,7,1,6,2,6,2,2,6,7,2,1,6,6,1,6,1,6,1,2,6,6,5,2,6,3,6,5,6,1,4,4,6,6,1,5,5,7,7,5,4,1,7,7,7,7,6,3,4,4,1,1,1,1,1,1,5,7,7,5,6,7,7,2,1,1,5,5,4,5,1,5,5,1,5,5,1,6,4,7,1,9,8,3,5,2,10,3,7,7,3,5,3,3,7,1,1,1,1,2,1,7,2,2,1,6,1,2,1,7,2,NA,NA,NA,NA,NA,NA,NA,NA,NA,NA,NA,NA,NA,NA,NA,1,2,6,5,2,4,1,4,4,4,4,1,1,1,2,1,5,4,5,5,2,2,1,5,5,5,2,3,5,5,5,4,4,2,4,1,1,5,5,2,4,2,1,3,1,1,5,1,5,5,1,5,1,1,2,1,5,1,2,"I think it is very interesting some of the questions I didn't entirely know what it was going to be on, so they surprised me, and I feel as though by putting me on the spot without much time to think about it I give my initial and most honest answers","The person supervising this test was very friendly and willing to help. He did a good job.","42.242294311523","-71.809898376465","-1",2.5,5.5,-3,5,1.66666666666667,2.8,5,-2.2,2.4,5.28571428571429,-2.88571428571429,5,1,5.22222222222222,5,5,5,4.9,3.2,7.8,-4.6,6,5,4,1,2,4.46153846153846,5,3.0952380952381,3.33333333333333
"21",28,2015-10-20 11:52:29,1,-1,13,1,1,"18","",2,"",1,"",1,"",1,"",3,2,4,2,4,5,2,4,2,3,4,1,1,4,1,3,3,1,1,2,4,4,4,2,1,2,"that were buzzing around.","in order not to flunk out of college.","from the nice staff at the subway.","and laughed at the comics.","for her family of three.","while their parents went on a dinner date.","with care.","on his Mercedes",1,1,1.4,16.344,31.017,2,"duck",0,0,31.027,0,"",4.403,4.403,31.01,1,"bee",3.142,3.142,31.027,1,"fire",12.209,12.209,31.01,1,"cookie",7.166,7.166,31.002,1,"cat",24.029,24.029,31.013,1,"",2.22,2.22,31.01,1,"party",2.778,2.778,31.01,1,"light",2.349,2.349,31.012,1,"cheese",2,1,4,1,1,5,1,5,2,1,4,2,1,3,1,3,4,1,1,1,2,3,4,4,2,3,2,2,5,7,1,2,6,6,3,1,5,6,1,1,1,4,3,7,6,3,2,6,6,5,3,5,6,4,3,6,6,3,1,5,5,4,3,6,6,6,5,7,2,7,4,6,1,6,4,2,6,1,5,3,6,7,6,6,1,6,6,7,7,5,2,2,2,4,1,3,2,3,2,4,7,7,4,7,7,6,5,4,1,5,3,2,5,2,2,5,2,4,5,3,9,2,7,8,3,1,6,5,4,10,2,4,3,3,6,6,2,6,6,5,3,2,2,5,5,5,2,4,5,3,3,2,6,4,1,2,4,2,1,3,1,3,2,1,2,1,2,2,3,NA,NA,NA,NA,NA,NA,NA,NA,NA,NA,NA,NA,NA,NA,NA,1,1,3,2,1,6,6,1,3,1,1,5,5,1,1,1,2,1,2,1,6,1,2,3,5,3,2,4,3,2,4,2,3,3,3,5,3,4,3,5,4,2,5,1,"About how two people might interact under pressures we put through ourselves (like how we feel and look), and pressures from our partner (how they feel and think about me), or something along those lines","I didn't realize this was a romantic/dateable thing, so I went into more casual and friend-like, and I felt like he did the same.","42.242294311523","-71.809898376465","-1",1.5,5.5,-4,3,2.5,1.6,5.42857142857143,-3.82857142857143,3,5.85714285714286,-2.85714285714286,5.77777777777778,1,5.66666666666667,4,4,3,3.7,5.8,5.2,0.6,3,6,4,5,2,5.07692307692308,7,3.23809523809524,3.55555555555556
"22",29,2015-10-20 11:56:00,1,1,13,1,1,"19","Sophomore",1,"",3,"",2,"",1,"",2,3,4,4,1,4,2,4,5,3,3,2,2,4,3,3,2,1,2,5,5,2,4,3,4,3,"as they circled her head.","by only studying the morning of.","from a complete stranger.","on the toilet.","for her thirteen children.","for 35 days.","while Karen cooked dinner.","of his 1998 Toyota Tacoma.",1,1,5.066,22.377,31.019,2,"Duck",6.263,6.263,31.024,1,"Quick",9.121,9.121,31.022,1,"Bees",4.306,4.306,31.001,1,"Arson",5.333,5.333,31.018,1,"",5.433,5.433,31.028,1,"Cat",25.173,25.173,31.011,1,"Horse",25.632,25.632,31.006,1,"Party",19.301,19.301,31.008,1,"Wagon",2.827,2.827,31.015,1,"Ho",3,3,4,3,1,3,2,4,4,2,3,2,2,5,3,3,3,1,2,4,4,3,4,2,4,3,5,2,7,5,1,1,4,2,3,4,3,6,2,2,2,4,2,6,6,2,2,4,3,3,5,4,5,4,2,5,6,2,1,5,4,1,3,4,7,5,2,6,2,6,4,6,1,5,5,1,7,1,5,3,7,4,5,6,2,6,5,5,7,4,4,4,4,1,1,1,1,4,1,6,7,7,6,6,6,5,6,1,1,4,4,5,5,1,3,5,2,4,4,1,3,5,4,9,2,1,6,10,7,8,5,7,4,3,4,1,6,4,1,2,2,1,2,1,6,2,1,5,5,4,5,4,5,3,NA,NA,NA,NA,NA,NA,NA,NA,NA,NA,NA,NA,NA,NA,NA,1,4,5,5,2,2,1,4,4,3,4,1,1,1,1,3,3,4,5,5,5,3,4,5,5,4,4,4,4,4,4,5,2,2,6,3,2,4,5,4,2,3,2,3,1,2,5,2,4,3,1,3,1,3,1,2,3,1,2,"How college students interact with strangers.","No","42.242294311523","-71.809898376465","-1",3,5,-2,2,1.16666666666667,2.6,4.28571428571429,-1.68571428571429,3,4.42857142857143,-1.42857142857143,5.33333333333333,2,5.55555555555556,5,4,5,4.4,6,5,1,6,6,4,6,2,5.15384615384615,5,3.42857142857143,3.55555555555556
"23",30,2015-10-20 13:51:07,1,NA,14,1,1,"17","1st year",3,"",3,"",2,"",5,"Pansexual",1,2,1,1,5,2,1,1,3,5,4,1,3,3,2,3,1,1,1,4,1,3,2,3,2,2,"with furious discontent.","in panic after she procrastinated all week.","because she felt unsafe walking on the street.","with interest centering on the comics.","because she had a long enough day at the office.","while they were away on vacation.","though he was irritated; his wife wanted to watch Opera instead.","bottle and refilled it with more olive oil for cooking later.",1,1,1.931,1.931,31.005,1,"Duck",16.382,16.382,31.054,1,"Foot",13.65,13.65,31.02,1,"Bee",2.846,2.846,31.011,1,"",13.256,13.256,31.018,1,"cookie",8.912,8.912,31.008,1,"Cat",0,0,31.02,0,"",13.858,13.858,31.021,1,"party",21.621,21.621,31.015,1,"",20.243,20.243,31.007,1,"claw",3,2,3,2,2,4,2,3,3,2,3,4,3,4,1,3,3,1,1,2,3,2,3,4,3,3,4,4,7,7,2,7,1,6,6,7,4,7,2,2,5,6,4,7,7,2,5,2,5,4,4,6,7,7,7,7,7,7,7,1,4,4,7,4,5,5,3,6,1,7,7,7,1,5,7,1,7,1,5,4,7,5,7,7,1,6,6,7,7,6,4,4,5,4,4,5,5,2,3,7,7,7,4,6,7,7,7,5,1,4,5,3,5,1,5,5,3,5,4,4,10,1,8,7,4,2,9,6,5,3,2,3,5,1,4,6,3,5,2,3,2,1,6,4,5,6,5,2,5,7,3,3,4,4,NA,NA,NA,NA,NA,NA,NA,NA,NA,NA,NA,NA,NA,NA,NA,NA,NA,NA,NA,NA,NA,NA,NA,NA,NA,NA,NA,NA,NA,NA,1,1,3,3,1,6,6,1,2,1,1,3,6,3,1,4,1,5,1,1,5,1,4,3,5,2,5,3,2,1,4,3,4,2,2,5,3,4,3,5,4,2,5,2,"How a person regards their self image when making first impressions.","Nope.","42.242294311523","-71.809898376465","-1",4.25,4.75,-0.5,4,4.16666666666667,4.8,5.42857142857143,-0.628571428571429,4.2,5.42857142857143,-1.22857142857143,6.44444444444444,2,6.33333333333333,5,3,2,4.2,6.4,4.6,1.8,5,7,4,6,2,5.76923076923077,6,3.19047619047619,2.77777777777778
"24",31,2015-10-20 13:45:21,1,-1,14,1,1,"18","unsure",2,"",3,"",2,"",1,"",3,1,4,3,2,4,3,5,3,3,4,2,1,4,3,2,2,3,1,2,4,3,2,2,2,4,"away from her face.","a lot faster than she normally does.","after a party.","quickly.","for her 17 children.","for a small bribe.","in disgust.","of his new for fusion.",1,1,7.173,7.173,31.028,1,"duck",5.792,5.792,31.016,1,"foot",8.053,8.053,31.02,1,"bee",11.428,11.428,31.009,1,"light",2.857,2.857,31.005,1,"milk",2.966,2.966,31.009,1,"cat",2.234,2.234,31.015,1,"",2.792,2.792,31.004,1,"party",2.28,2.28,31.028,1,"fast",2.535,2.535,31.034,1,"computer",3,1,3,1,2,4,3,5,2,2,4,2,1,4,3,2,3,2,1,1,4,3,2,2,2,3,5,3,4,6,4,1,6,1,5,3,2,5,4,4,5,7,6,6,6,6,1,2,1,2,3,2,3,6,6,6,3,7,1,3,1,3,3,4,4,7,1,7,1,7,7,7,1,5,6,4,7,1,5,5,6,6,6,7,1,6,6,6,7,5,4,4,4,2,1,3,3,2,2,3,7,7,4,6,5,7,4,2,1,4,5,3,3,3,4,3,3,1,2,3,10,3,4,2,9,8,7,6,1,5,1,5,4,1,6,5,1,5,3,5,1,6,3,7,4,2,2,3,7,3,3,5,3,4,3,2,4,4,3,4,3,4,4,4,5,2,2,4,3,NA,NA,NA,NA,NA,NA,NA,NA,NA,NA,NA,NA,NA,NA,NA,3,4,4,4,4,3,4,4,3,4,4,3,3,4,3,4,3,4,5,1,5,4,4,2,1,1,1,2,2,4,1,4,1,2,2,2,1,1,2,1,1,3,2,2,"I am told that it is about interaction and relationships. However, I am skeptical that it is revolved around something entirely different.","No","42.242294311523","-71.809898376465","-1",3.75,4.25,-0.5,4,2.5,3.2,4.14285714285714,-0.942857142857143,4.6,3.14285714285714,1.45714285714286,6.55555555555556,4,5,3,3,3,3,4.6,6.4,-1.8,7,7,4,3,2,5.84615384615385,5,3.38095238095238,3.33333333333333
"25",36,2015-10-21 13:47:21,1,-1,16,1,1,"17","Freshman",2,"",3,"",2,"",1,"",3,1,4,1,2,4,1,4,3,3,3,2,1,3,1,4,4,1,1,3,4,3,3,2,3,3,"with quickness.","the morning she was going to take it.","from a stranger.","before school.","for her sister.","on Monday.","when it was hungry.","of his car.",1,1,7.864,21.535,31.002,3,"duck",6.557,6.557,31.036,1,"",3.417,3.417,31.039,1,"bee",4.353,4.353,31.034,1,"fire",4.616,4.616,31.02,1,"cookie",2.955,2.955,31.035,1,"cat",3.728,3.728,31.036,1,"",4.639,4.639,31.019,1,"celebration",4.022,4.022,31.032,1,"light",3.408,3.408,31.019,1,"eyes",3,2,4,3,3,4,1,3,3,2,2,2,1,3,1,4,3,1,1,3,4,4,3,3,2,2,3,2,5,2,2,2,2,2,2,2,3,2,2,2,2,3,3,4,2,2,2,2,1,2,3,3,2,6,6,6,5,4,3,6,5,5,5,6,5,5,2,5,2,6,5,5,1,5,5,1,3,1,5,4,5,6,6,5,2,5,2,6,6,5,4,4,4,2,2,2,2,3,3,4,5,5,2,5,7,5,2,4,1,5,3,3,4,2,2,5,2,3,5,2,8,1,3,10,5,2,7,9,4,6,2,4,4,3,6,6,3,4,1,2,1,6,3,3,5,2,3,2,3,4,2,2,4,4,3,3,4,4,NA,3,2,4,2,2,2,2,2,2,2,NA,NA,NA,NA,NA,NA,NA,NA,NA,NA,NA,NA,NA,NA,NA,1,1,6,1,1,4,6,1,2,1,1,1,5,1,1,1,2,6,4,1,6,2,3,3,3,3,2,1,2,3,3,3,2,3,3,3,3,2,2,3,2,3,3,1,"Gender roles in relationships","no","42.242294311523","-71.809898376465","-1",2.25,3,-0.75,3,2.33333333333333,2.2,2.57142857142857,-0.371428571428571,2.6,2.28571428571429,0.314285714285715,5.22222222222222,2,4.33333333333333,4,4,4,3.7,6,5,1,6,6,4,6,2,5,5,3.04761904761905,3.11111111111111
"26",37,2015-10-21 14:58:12,1,-1,16,1,1,"18","Freshman",2,"",6,"Malagasy/Indonesian",1,"",1,"",3,4,2,1,1,2,4,4,2,1,4,1,1,4,3,1,1,4,1,3,1,1,1,1,1,2,"that surrounded her face as she entered the humid dump.","all night, stopping occasionally for a quick snack.","because she was unable to drive due to her alcohol binge.",",skimming the sports section to find out if the Cavs had won their game the night before","for her kids as soon as she left work.","for four hours on Saturday.","milk while he rocked back and forth in the rocking chair","to his car because it was getting very old.",1,1,1.947,28.068,30.999,4,"duck",8.288,8.288,31.015,1,"foot",3.906,3.906,31.011,1,"bee",3.902,3.902,31.01,1,"fire",6.244,6.244,31.015,1,"house",3.467,3.467,31.014,1,"cat",3.803,3.803,31.012,1,"hike",5.855,5.855,31.006,1,"party",3.498,3.498,31.007,1,"green",4.854,4.854,31.007,1,"tooth",4,5,3,1,1,3,4,3,1,1,4,1,1,2,5,1,1,3,1,1,1,1,1,1,1,1,5,1,5,4,2,1,1,1,1,3,3,2,1,1,1,5,1,5,1,1,1,1,1,2,3,4,4,3,1,4,1,1,1,1,1,1,1,1,1,6,1,6,1,6,6,6,1,6,6,1,6,1,2,2,6,6,5,5,1,6,1,7,7,2,4,4,4,2,1,2,1,3,2,7,7,7,7,7,5,7,7,1,1,6,3,1,5,1,3,5,1,4,5,3,10,2,4,5,6,3,8,9,1,7,2,6,5,3,3,4,4,5,3,4,1,1,2,2,4,1,3,2,6,2,2,5,1,6,7,7,5,6,5,5,7,7,7,3,6,2,1,1,3,NA,NA,NA,NA,NA,NA,NA,NA,NA,NA,NA,NA,NA,NA,NA,2,2,5,2,4,2,2,3,5,2,2,4,2,3,2,4,2,2,2,5,2,2,5,5,2,4,1,2,5,1,4,4,5,3,3,3,4,1,1,1,1,1,2,1,"Sexual/romantic relationships","No","42.242294311523","-71.809898376465","-1",2.75,2.75,0,3,1.83333333333333,2.4,2.42857142857143,-0.0285714285714285,2.2,2.57142857142857,-0.371428571428571,5.77777777777778,1,6.11111111111111,5,5,3,3.9,5.2,5.8,-0.6,7,7,4,6,2,5.61538461538461,6,2.76190476190476,2.66666666666667
"27",38,2015-10-21 15:58:09,1,-1,17,1,1,"17","First Year",2,"",2,"",2,"",1,"",4,2,3,1,2,4,1,4,3,4,4,5,2,3,2,5,3,1,2,1,4,4,4,4,4,3,"which made her boss angry.","and she got a bad result.","and her friends helped her.","about ISIS.","for her parents.","and now she can buy a shirt that she always wanted!","and his parents rewarded him.","because it had a bug floating in it.",1,1,1.353,1.353,31.019,1,"",27.84,27.84,31.014,1,"gym",1.899,28.889,31.03,2,"bee",24.446,24.446,31.017,1,"heavy",1.298,13.657,31.011,2,"cookie",0,0,31.003,0,"",1.314,1.314,31.007,1,"",15.732,15.732,31.033,1,"happy",3.36,3.36,31.011,1,"",3.077,3.077,31.018,1,"fat",4,2,4,2,1,5,1,4,4,5,4,5,1,3,1,4,3,1,2,2,3,4,4,5,3,3,2,1,4,3,1,2,1,1,3,4,1,1,4,4,2,3,1,3,5,1,1,3,1,5,5,1,2,5,2,5,5,1,1,4,1,4,5,3,3,4,2,5,1,5,5,5,1,5,5,5,5,1,2,2,7,3,6,4,2,7,4,7,7,5,7,4,4,1,1,1,2,4,2,1,4,4,1,1,1,5,4,4,1,4,2,2,5,1,2,3,1,5,3,3,5,1,2,3,8,7,6,9,4,10,2,5,4,3,6,5,3,4,3,5,3,4,2,5,2,4,2,5,6,2,2,2,5,2,1,3,1,2,1,1,1,2,1,2,1,1,1,1,1,NA,NA,NA,NA,NA,NA,NA,NA,NA,NA,NA,NA,NA,NA,NA,3,3,2,4,2,2,5,4,NA,2,2,NA,3,2,2,2,2,4,4,3,3,3,2,3,3,2,2,3,3,2,3,3,1,3,2,2,3,2,1,2,1,3,1,1,"personality study","No","42.242294311523","-71.809898376465","-1",2,1.75,0.25,2,1.5,2,2,0,2.2,2.85714285714286,-0.657142857142857,4.88888888888889,4,2.77777777777778,5,5,3,3.5,3.8,7.2,-3.4,6,7,4,2,2,4.53846153846154,4,3.21428571428571,3.38888888888889
"28",39,2015-10-21 15:44:13,1,-1,17,1,1,"19","Freshmen",2,"",2,"",2,"",1,"",2,3,3,3,2,4,3,4,3,3,4,2,4,4,2,3,2,2,3,3,3,3,3,2,2,3,"quickly","nervrously","nicely","camly","quickly","nicely","nicely","quickly",1,1,17.662,17.662,31.035,1,"",11.352,11.352,31.019,1,"site",6.593,6.593,31.013,1,"bee",25.534,25.534,31.019,1,"",3.402,3.402,31.024,1,"cookies",3.771,3.771,31.015,1,"",0,0,31.006,0,"",6.291,6.291,31.016,1,"cake",2.88,2.88,31.01,1,"",10.178,10.178,30.999,1,"less",3,3,4,3,2,4,3,4,2,2,2,3,2,2,3,3,2,2,3,4,2,4,2,2,2,2,5,1,3,5,1,4,1,1,3,6,4,2,1,1,1,1,1,4,3,1,1,1,2,3,3,2,1,2,1,3,3,1,1,2,5,3,3,1,2,5,1,3,5,5,5,4,4,5,3,3,5,1,1,1,4,4,2,3,4,4,1,5,5,3,4,4,4,3,2,3,4,4,3,2,6,3,2,4,7,6,5,7,1,7,4,4,5,2,5,5,3,3,3,2,5,2,8,4,7,1,3,9,6,10,2,6,6,6,5,5,2,2,6,6,1,2,6,2,6,5,2,2,6,2,3,2,6,2,2,2,2,2,2,2,2,2,1,2,2,1,1,1,1,NA,NA,NA,NA,NA,NA,NA,NA,NA,NA,NA,NA,NA,NA,NA,2,2,1,2,5,3,4,4,5,2,3,5,1,2,2,2,2,2,4,3,3,4,4,4,4,4,2,1,5,1,1,4,1,3,4,2,4,1,1,2,1,4,4,1,"Interaction with different people","","42.242294311523","-71.809898376465","-1",3.25,2.5,0.75,2,2.83333333333333,3.4,2.71428571428571,0.685714285714285,1.4,2.28571428571429,-0.885714285714286,3.88888888888889,1,4.66666666666667,4,3,4,4,4,7,-3,7,3,1,4,2,3.84615384615385,NA,NA,NA
"29",41,2015-10-22 12:41:18,1,1,31,1,1,"18","freshman",1,"",3,"",2,"",1,"",5,1,1,1,1,3,1,4,3,1,1,1,1,1,2,2,2,1,1,1,1,1,1,1,1,1," absentmindedly"," in a panicked state","urgently","while drinking his hot cola"," for the neighbors, who couldn't eat vegetables."," while the parents were away at Chuckie Cheese"," Goats milk, beleiving that it would increase good bacteria in it's stomach."," after 900,000 miles, like any safe driver.",1,1,17.029,17.029,31.021,1,"Duck?",16.286,27.176,31.011,2,"sup4r",4.62,4.62,31.019,1,"bee",24.229,24.229,31.026,1,"sul",30.512,30.512,31.018,1,"",10.645,10.645,31.02,1,"cat",14.394,14.394,31.006,1,"lion",17.453,17.453,31.005,1,"",5.92,5.92,31.035,1,"fast",0.209,12.376,31.011,3,"",4,2,1,1,1,3,1,1,2,1,2,1,1,1,2,2,1,2,1,2,1,1,1,1,1,1,6,1,5,6,1,1,5,1,2,6,1,4,2,1,1,6,3,4,3,1,1,5,1,1,5,1,1,6,4,3,3,1,1,4,1,1,3,1,1,6,2,6,2,7,6,7,1,7,7,3,7,1,3,4,6,6,7,7,5,6,3,7,7,3,4,5,4,1,1,2,2,4,1,7,7,7,7,5,7,6,3,1,1,2,3,1,5,3,4,2,1,1,5,1,10,4,7,5,8,1,9,3,2,6,2,3,2,2,5,5,2,6,4,5,5,1,2,7,2,6,2,5,6,1,2,2,6,4,NA,NA,NA,NA,NA,NA,NA,NA,NA,NA,NA,NA,NA,NA,NA,1,2,6,1,1,1,1,4,2,4,2,1,1,1,1,2,3,3,2,2,3,6,2,4,2,1,3,4,2,2,1,2,5,2,2,4,1,NA,3,1,1,1,2,4,3,2,4,1,3,2,1,4,1,2,1,1,3,1,1,"What people base attraction to","nope","42.242294311523","-71.809898376465","-1",3.5,3.75,-0.25,2,1.5,3,3.42857142857143,-0.428571428571428,3.2,2.28571428571429,0.914285714285715,6.66666666666667,1.5,5.55555555555556,3,5,5,3.4,6,5,1,6,6,4,4,2,5.76923076923077,8,3.04761904761905,3.11111111111111
"30",42,2015-10-22 13:50:05,1,-1,31,1,1,"18","freshman",2,"",3,"",2,"",1,"",2,4,3,3,4,4,4,2,3,4,4,1,2,3,4,3,3,3,3,4,3,3,3,3,2,2,"because she hates flies","in attempts to get a good grade","after realizing she was lost in a park","every day in order to know what is going on with the world","by herself. She often eats alone.","even though she could have been at a party.","once every couple hours","in his beat up pick up truck",1,1,5.007,5.007,31.019,1,"",2.709,2.709,31.022,1,"",4.273,4.273,31.015,1,"Bee",1.125,1.933,30.999,2,"Fire",2.074,2.074,31.026,1,"Cookie",2.106,2.106,31.01,1,"Cat",2.448,2.448,31.026,1,"",3.896,3.896,31.011,1,"Party",2.373,2.373,31.016,1,"Light",3.534,4.406,31.029,2,"cheese",2,3,3,3,2,4,3,2,2,2,3,1,2,3,3,3,2,3,3,2,2,3,2,2,2,2,3,3,4,4,2,2,4,1,2,2,2,2,1,1,1,4,1,3,4,1,1,1,1,1,2,1,3,3,2,4,4,1,2,2,2,2,3,1,1,3,2,4,1,3,4,3,1,3,2,2,5,1,6,4,7,7,5,6,1,6,4,7,7,5,4,4,4,1,1,1,1,4,3,1,6,6,4,6,7,7,4,2,1,4,2,3,5,1,5,5,1,5,4,4,7,5,2,10,3,1,6,9,4,8,6,4,5,3,2,4,3,4,4,1,1,2,3,4,4,4,4,4,4,1,4,4,4,4,5,4,4,4,4,2,6,5,3,4,3,1,1,1,1,NA,NA,NA,NA,NA,NA,NA,NA,NA,NA,NA,NA,NA,NA,NA,3,3,4,3,3,3,5,3,4,3,3,4,3,2,3,3,1,3,3,3,3,3,3,3,3,4,1,2,3,3,3,3,3,3,3,3,3,3,1,3,1,2,3,1,"relationships and how they effect a persons well- being or confidence","nope","42.242294311523","-71.809898376465","-1",2.5,3,-0.5,2,1.5,2.4,2.71428571428571,-0.314285714285715,1.8,2,-0.2,3.66666666666667,1,4.77777777777778,5,5,2,4.1,6.4,4.6,1.8,6,7,4,5,2,4,6,2.85714285714286,2.66666666666667
"31",43,2015-10-23 12:00:16,1,1,19,1,1,"18","Freshman",1,"",3,"",2,"",1,"",3,1,3,2,2,4,1,4,2,1,4,3,1,2,1,3,3,1,1,1,1,2,3,2,2,2,"so they didn't fly in her mouth.","so she would get a good grade.","but nobody answered.","to seem sophisticated but only wanted to read the comics.","after a long night at work.","for money to buy clothes.","who was 5 years old and not a baby anymore.","as Ernie sat in the car.",1,1,5.115,5.115,31.009,1,"duck",1.408,1.408,31.021,1,"foot",2.912,2.912,31.029,1,"bee",2.146,2.146,31.026,1,"fire",2.515,2.515,31.012,1,"dark",6.415,6.415,31.038,1,"cat",9.273,9.273,31.043,1,"lion",2.457,2.457,31.012,1,"happy",4.776,4.776,31.037,1,"kart",5.982,5.982,31.052,1,"cheese",3,1,3,2,2,4,1,4,3,1,2,2,1,2,1,3,3,1,1,1,2,2,2,2,2,1,6,6,6,6,5,5,4,2,5,6,3,5,3,3,2,5,5,5,5,5,5,5,3,3,5,4,5,5,5,4,4,3,5,3,2,3,5,6,6,4,3,4,5,5,4,5,2,4,4,3,5,2,3,5,6,5,6,5,4,5,3,5,5,4,5,5,5,1,1,2,1,4,1,5,6,5,5,6,2,6,6,1,1,4,4,4,4,2,4,4,2,3,3,1,6,5,8,9,1,2,3,7,4,10,2,2,3,2,6,5,3,3,3,5,3,1,6,2,5,3,3,3,5,3,3,4,6,7,NA,NA,NA,NA,NA,NA,NA,NA,NA,NA,NA,NA,NA,NA,NA,1,3,3,5,4,1,1,4,2,3,2,1,1,1,2,2,2,3,2,3,5,4,2,2,3,2,3,4,3,1,3,2,4,2,1,3,2,4,4,2,4,1,3,3,1,2,2,1,4,4,4,3,2,1,3,4,4,2,2,"How you interact with a stranger and what are your beliefs of the relationship between 2 people.","nope.","42.242294311523","-71.809898376465","-1",5.75,4.5,1.25,2,1.33333333333333,5.6,4.42857142857143,1.17142857142857,5,4.28571428571429,0.714285714285714,4.55555555555556,3,4.66666666666667,4,4,5,3.9,5.4,5.6,-0.199999999999999,5,3,3,4,1,3.92307692307692,7,2.80952380952381,2.77777777777778
"32",44,2015-10-23 11:57:54,1,NA,19,1,1,"19","Pretty good",5,"Non binary",3,"",2,"",3,"",5,1,3,1,4,5,4,5,4,4,5,1,1,1,5,1,2,1,1,1,3,4,1,3,1,4,"since the flies were in her face.","and this stressed her out.","so their friend helped them.","in the morning.","for their family.","for her job.","so the baby would no longer be hungry.","in the car.",1,1,2.389,30.318,31.003,4,"Duck",3.869,3.869,31.017,1,"",2.926,5.408,31.015,2,"Bee",2.273,5.593,31.028,2,"Fire",2.219,19.065,31.015,2,"Dark",2.601,10.703,31.023,2,"Mouse",2.587,11.034,30.989,2,"Sword",2.007,8.374,31.04,2,"Present",2.333,12.803,31.003,2,"Ferrari",4.95,10.053,31.008,2,"Computer",5,1,3,1,2,5,1,5,4,3,4,1,1,1,3,3,5,1,1,1,1,4,1,3,1,3,4,1,7,6,1,7,5,1,1,1,6,7,1,1,7,7,4,5,1,1,7,1,4,1,1,7,7,7,7,7,1,1,7,4,7,1,3,7,7,7,1,4,5,7,4,3,1,1,1,6,7,1,5,1,3,6,2,4,1,5,4,7,7,3,3,3,3,5,5,5,5,1,5,7,7,7,4,7,7,5,4,1,1,2,3,3,5,2,5,5,1,5,5,2,5,7,2,9,4,1,10,6,8,3,1,7,1,7,3,4,2,1,5,7,7,1,2,5,7,7,1,7,7,7,1,7,1,3,NA,NA,NA,NA,NA,NA,NA,NA,NA,NA,NA,NA,NA,NA,NA,NA,NA,NA,NA,NA,NA,NA,NA,NA,NA,NA,NA,NA,NA,NA,1,1,1,1,1,6,6,1,6,2,6,2,6,1,4,1,1,6,1,1,6,1,3,2,5,5,1,1,5,1,5,5,2,3,1,5,3,3,4,5,1,5,5,2,"I think this study had somewhat to do with our relationships but more to do with how we view ourselves. Many of the questions focused on our appearance and how we thought about our appearance. Our appearance was compared towards how we thought the interacion went.","Not particularly.","42.242294311523","-71.809898376465","-1",1.75,6.25,-4.5,5,5,2.8,4.71428571428571,-1.91428571428571,4,3.71428571428571,0.285714285714286,3.66666666666667,1,5.44444444444444,4,5,4,4.4,7.8,3.2,4.6,7,3,4,1,2,3.69230769230769,3,3.23809523809524,3.55555555555556
"33",45,2015-10-23 12:56:32,1,-1,20,1,1,"18","freshman",2,"",3,"",3,"possibly developing one?",1,"",3,1,2,1,4,5,1,5,3,4,5,1,1,2,1,4,4,3,1,1,3,3,4,4,2,3," with determination; she was not getting another bite.","frantically the night before.","from the party.","while his father sipped coffee across the table.","for her siblings.","(albeit reluctantly) last night.","on the subway.","in his car for the fourth time that month.",1,1,1.922,1.922,31.024,1,"duck",2.191,12.008,31.009,2,"foot",4.023,4.023,31.047,1,"bee",2.099,2.099,31.051,1,"",11.516,11.516,31.035,1,"cookie",2.982,2.982,31.039,1,"cat",5.396,19.538,31.018,2,"",1.33,1.33,31.045,1,"party",8.792,8.792,31.018,1,"light",3.951,16.222,31.018,2,"nose",4,2,4,1,2,4,1,4,4,2,4,4,1,4,1,4,2,3,1,1,4,1,5,4,3,3,7,3,7,2,3,1,3,6,4,1,7,6,2,1,3,6,5,7,5,6,1,1,3,1,5,7,5,4,2,7,7,5,1,1,6,1,4,7,7,6,2,7,1,7,6,7,1,5,5,2,6,1,7,4,5,3,7,4,1,7,7,6,7,4,4,4,4,1,1,3,2,2,2,6,7,7,2,4,6,5,3,4,1,5,4,1,5,1,3,4,1,4,3,4,5,7,4,8,2,1,10,9,6,3,1,3,2,1,7,6,1,4,7,5,6,4,2,6,1,7,4,2,5,2,5,2,7,5,1,2,4,4,2,1,2,4,2,5,2,2,2,2,1,NA,NA,NA,NA,NA,NA,NA,NA,NA,NA,NA,NA,NA,NA,NA,1,1,1,2,1,2,6,1,2,1,1,1,6,1,1,1,1,6,1,1,5,1,2,3,4,2,3,4,4,4,2,4,2,3,4,4,3,3,2,4,3,2,3,1,"Evaluating the interaction between two college students and how that interaction can affect a student's mood and self-image","I had never talked to my interaction partner before this study, I just saw them in one of my classes.","42.242294311523","-71.809898376465","-1",3.5,5.75,-2.25,4,2.16666666666667,3,5,-2,4.6,4.14285714285714,0.457142857142856,6,1.5,4.88888888888889,5,5,2,3.6,7.2,3.8,3.4,6,7,4,5,2,5.46153846153846,6,3.0952380952381,2.88888888888889
"34",46,2015-10-23 12:58:23,1,1,20,1,1,"19","Sophomore",1,"",3,"",1,"",1,"",3,1,2,2,2,3,1,3,1,1,3,1,1,2,1,3,3,1,1,3,3,3,3,2,2,2,"to get them away from her face","so she should get a good grade","because she was too drunk","to get caught up on the current news","for her and her roomates","so she could make money to afford her rent","because the baby's mother was not there to breast feed","in his car",1,1,2.77,2.77,31.013,1,"Duck",14.788,14.788,31.012,1,"Net",5.538,9,31.001,2,"Bee",9.091,22.088,31.013,4,"Fire",3.488,3.488,31.058,1,"Cookie",6.307,6.307,31.038,1,"Cat",5.461,5.461,31.011,1,"Snake",14.998,14.998,31.033,1,"Cake",3.709,3.709,31.021,1,"Intersection",5.945,11.576,31.024,2,"Cheese",4,1,4,1,1,3,1,3,2,1,2,2,1,2,1,3,3,1,1,1,3,2,2,2,2,2,5,3,6,3,2,4,1,3,1,2,3,5,1,1,1,4,4,6,5,2,4,1,5,2,3,6,2,2,2,2,2,2,2,1,3,1,1,4,2,5,1,5,2,6,4,6,1,6,7,1,6,1,2,4,5,5,7,7,2,4,3,4,6,3,5,5,4,1,1,1,1,4,1,5,7,7,2,5,7,6,2,1,1,3,5,3,5,1,3,5,1,5,5,1,2,1,9,8,3,4,7,6,5,10,2,4,5,3,5,5,3,6,4,3,4,1,2,6,4,1,5,1,5,1,3,4,4,2,NA,NA,NA,NA,NA,NA,NA,NA,NA,NA,NA,NA,NA,NA,NA,1,3,5,5,1,4,1,4,4,4,5,1,1,1,1,5,4,1,4,4,3,1,1,5,4,4,5,1,4,4,6,4,2,1,4,1,1,3,4,3,4,1,1,3,1,2,3,1,5,4,2,4,2,2,2,2,4,1,2," I think this study looked at the way that people in college evaluate others. I was expecting to be asked about my relations, rather than a specific one.","I answered No to knowing my partner because I had only seen her in one of my classes a few time. I have never had an interaction with her.","42.242294311523","-71.809898376465","-1",3,3.75,-0.75,2,1.16666666666667,3.2,3.14285714285714,0.0571428571428574,3.4,3.85714285714286,-0.457142857142857,5.88888888888889,1,4.66666666666667,5,5,5,4.6,4.6,6.4,-1.8,7,6,4,6,2,5.46153846153846,6,2.9047619047619,2.44444444444444
"35",48,2015-10-26 09:55:37,1,-1,21,1,1,"21","Junior",2,"",4,"",2,"",1,"",2,2,1,1,3,3,3,4,3,1,3,3,1,2,1,3,3,1,1,1,3,3,3,3,2,3,"on the kitchen table.","today.","last night.","every Sunday.","for her siblings.","to earn some money for her trip to London.","and the baby quickly fell asleep.","to his car.",1,1,1.757,1.757,31.01,1,"SWIM",2.828,2.828,31.007,1,"BUNNY",2.089,2.089,31.009,1,"HURT",5.557,5.557,31.014,1,"GRASS",4.386,4.386,31.018,1,"VANILLA: LOVE",3.42,3.42,31.012,1,"TIRED:",3.404,3.404,31.015,1,"QUEEN",2.391,2.391,31.028,1,"HOLIDAY:THANKSGIVING",2.213,2.213,31.051,1,"CRASH",2.257,2.257,31.007,1,"SUNNY",2,1,1,1,2,3,3,3,2,1,3,1,1,2,1,3,1,1,1,1,3,3,2,1,1,2,1,1,4,3,1,3,5,6,3,1,5,6,1,1,1,1,1,4,1,1,1,5,5,1,1,4,5,1,1,5,5,1,1,4,4,1,1,4,4,2,5,3,4,3,4,4,1,1,1,1,4,1,1,1,4,4,3,3,5,4,1,4,4,3,4,4,4,1,1,1,1,3,2,4,4,4,4,4,7,5,3,2,1,3,2,2,4,1,3,3,1,1,4,1,9,3,4,5,8,6,2,10,7,1,3,4,5,5,5,5,3,4,5,4,4,5,3,4,5,5,3,4,5,4,5,5,4,4,1,4,5,4,4,4,5,4,4,3,4,2,2,2,1,NA,NA,NA,NA,NA,NA,NA,NA,NA,NA,NA,NA,NA,NA,NA,4,4,3,4,4,4,4,1,3,4,4,4,2,5,4,4,1,3,4,4,4,4,1,3,2,2,1,3,2,2,3,2,1,2,3,2,2,1,2,1,1,3,1,2,"","","42.242294311523","-71.809898376465","-1",1,5,-4,3,1.5,1.4,4.57142857142857,-3.17142857142857,1,3.57142857142857,-2.57142857142857,2.66666666666667,1,4.11111111111111,5,5,5,3.4,5.2,5.8,-0.6,3,4,4,6,2,3.07692307692308,0,2.9047619047619,2.88888888888889
"36",49,2015-10-26 10:56:21,1,-1,21,1,1,"18","first year",2,"",3,"",2,"",1,"",2,3,2,1,4,3,5,4,2,2,4,2,1,4,4,2,2,1,2,1,4,3,3,4,3,4,"as she ran to her dad.","because she had a busy week.","because she missed her train.","about a missing boy.","for her husband who should be getting out of work soon.","while her parents were out to dinner.","as they watched cartoon network.","in his car because the annoying light was on.",1,1,1.811,1.811,31.013,1,"",3.662,3.662,31.012,1,"",2.484,2.484,31.02,1,"",2.339,2.339,31.006,1,"",3.927,3.927,31.014,1,"cookie",1.433,1.433,31.02,1,"cat",3.777,3.777,31.011,1,"",4.357,4.647,31.02,2,"party",3.808,3.808,31.01,1,"",10.291,10.291,31.024,1,"cheese",2,4,1,2,5,3,4,4,2,3,3,1,2,3,4,2,2,1,1,2,3,3,2,1,1,2,3,1,7,2,1,1,7,6,4,5,6,7,4,4,2,7,6,7,3,3,4,6,5,7,6,4,4,7,7,7,4,3,1,7,7,2,4,7,7,6,6,5,3,7,7,7,1,5,6,4,7,1,4,3,4,4,6,7,3,5,5,2,5,3,4,4,4,3,5,5,3,2,5,2,6,7,2,3,6,7,3,2,1,5,4,3,5,1,3,4,1,4,5,3,5,7,2,8,4,1,10,9,3,6,1,5,2,1,5,6,1,4,2,4,2,7,1,4,5,7,2,1,5,2,4,3,4,5,4,4,6,6,4,5,4,4,4,4,5,2,2,3,1,NA,NA,NA,NA,NA,NA,NA,NA,NA,NA,NA,NA,NA,NA,NA,1,2,4,4,4,3,6,5,2,2,2,5,5,4,2,5,1,2,2,1,4,1,4,4,3,2,3,2,3,4,5,3,4,2,1,4,4,4,5,4,3,2,4,2,"How college students interact with one another, no matter the gender. Also, being able to tell whether or not an individual would make a good romantic partner.","nope!","42.242294311523","-71.809898376465","-1",2.5,6.75,-4.25,4,4.16666666666667,2.2,5.57142857142857,-3.37142857142857,5.2,5.14285714285714,0.0571428571428569,6.22222222222222,4,4.22222222222222,5,5,3,4.1,6.6,4.4,2.2,2,5,4,3,2,5.07692307692308,4,3.57142857142857,3.77777777777778
"37",50,2015-10-26 11:42:49,1,-1,22,1,1,"19","sophomore",2,"",3,"",2,"",1,"",4,1,4,3,3,5,1,4,3,4,5,2,1,1,1,3,3,1,1,1,5,1,1,3,1,3,"with her hand.","on Tuesday night.","because she was lost.","while drinking his coffee.","for her family.","on Friday night.","calmly.","in his car.",1,1,5.45,22.504,31.009,9,"Duck",1.615,30.548,31.015,2,"Foot",1.83,7.87,31.011,2,"Bee",1.646,30.514,31.003,2,"Fire",1.392,24.917,31.008,2,"cookie",1.393,14.904,31.015,2,"Cat",2.51,2.51,31.023,1,"",2.701,3.748,31.015,2,"Party",2.148,2.148,31.009,1,"stopli",2.015,2.015,31.038,1,"cheese",3,2,1,1,3,4,1,4,3,4,4,2,1,1,1,1,2,1,1,1,5,3,1,1,1,1,2,2,6,1,2,1,4,4,1,3,6,4,6,1,4,3,2,6,1,1,1,4,5,4,3,5,5,2,3,6,1,2,1,3,4,1,1,5,5,3,3,3,4,5,4,6,1,4,3,4,5,1,4,4,7,7,5,5,2,5,5,5,6,2,1,3,4,2,1,1,1,3,1,4,5,6,1,6,6,3,2,4,1,3,4,5,4,1,4,5,1,4,5,1,6,1,5,9,7,3,2,8,4,10,1,5,5,2,5,6,2,4,5,4,5,1,1,4,5,5,5,5,5,5,5,5,6,6,4,2,5,3,2,1,4,5,1,1,5,1,1,4,1,NA,NA,NA,NA,NA,NA,NA,NA,NA,NA,NA,NA,NA,NA,NA,1,4,3,2,3,5,3,3,5,2,3,1,5,4,2,3,4,5,3,3,3,1,3,4,4,3,3,2,3,3,4,2,4,4,4,4,2,3,3,3,3,4,3,2,"I thought it was about the ways that people form relationships with one another in college, and interact with one another.","My interaction partner and I did figure out that we are in the same class so we did have some similar previous experience, but we did not know each other before this.","42.242294311523","-71.809898376465","-1",2.25,5,-2.75,3,1.5,2,3.71428571428571,-1.71428571428571,2,4.28571428571429,-2.28571428571429,4.22222222222222,3.5,4.11111111111111,5,5,5,4.6,4.4,6.6,-2.2,5,4,4,3,2,3.92307692307692,9,3.23809523809524,3.88888888888889
"38",51,2015-10-26 11:52:18,1,-1,22,1,1,"21","Senior",2,"",2,"",1,"",1,"",5,1,4,1,1,4,2,5,3,5,4,4,1,2,1,3,3,2,2,1,1,2,3,2,3,3,"on the table","when she was not prepared","from her friend","everyday","for her family","during her highschool years","at night","often",1,1,1.939,1.939,31.026,1,"",0,0,31.026,0,"",0,0,31.016,0,"",14.088,14.088,31.02,1,"fire",2.602,2.602,31.005,1,"cookies",4.635,4.635,31.008,1,"",15.598,15.598,31.009,1,"",6.413,6.413,31.009,1,"gift",1.342,18.149,31.007,2,"",2.746,2.746,31.022,1,"trap",5,1,4,1,1,4,1,4,4,3,4,4,1,4,1,4,4,1,1,1,1,3,4,4,3,3,1,1,1,2,1,1,4,4,3,2,7,6,2,1,1,3,3,4,1,2,1,4,4,3,3,6,5,1,3,4,1,1,1,5,5,4,1,6,5,3,1,5,1,6,4,6,1,4,5,5,5,1,4,2,6,6,7,7,1,6,1,6,6,3,6,5,6,1,1,2,2,4,2,1,6,6,1,6,6,6,1,3,1,2,4,3,4,1,3,4,4,5,5,2,7,1,2,10,4,3,9,5,8,6,1,4,5,2,5,6,2,4,2,5,2,6,5,2,6,5,2,5,3,3,5,5,5,5,1,1,1,1,1,2,1,1,1,1,1,1,1,1,1,NA,NA,NA,NA,NA,NA,NA,NA,NA,NA,NA,NA,NA,NA,NA,1,3,3,3,4,2,5,4,4,4,3,3,5,2,3,5,4,3,5,3,4,5,3,3,3,1,1,4,3,5,3,4,2,4,2,3,4,1,4,2,2,4,2,2,"how college students interact with each other, and the impact of this interaction has on participant's emotion and feeling.","None","42.242294311523","-71.809898376465","-1",1.25,4.5,-3.25,2,1.66666666666667,1.2,3.85714285714286,-2.65714285714286,2.4,3.85714285714286,-1.45714285714286,5.22222222222222,1.5,4,5,2,4,3.9,7,4,3,7,7,4,2,2,4.76923076923077,2,3.33333333333333,3.77777777777778
"39",54,2015-10-27 14:50:06,1,-1,23,1,1,"18","first year",2,"",2,"",3,"complicated",1,"",5,3,3,3,4,5,4,4,4,2,4,2,1,5,4,5,4,4,2,4,1,2,5,5,3,5,"cruelly","but it was not really helpfull","then no one replied that","carefully","while her husband was playing LOL","","","for his maverlous Ducati",1,1,1.775,1.775,31.008,1,"quackduck, duckpond,",1.654,1.654,31.008,1,"athletes:",19.791,20.294,31.012,2,"honayma:swarm",11.409,11.409,31.017,1,"matchesing: s",9.384,9.384,31.019,1,"chocolate: fortun",7.212,7.212,31.008,1,"curious: napous: w",2.714,2.714,31.011,1,"stalker:trainer:kinger",4.734,4.734,31.009,1,"surprising:lining:birthdayyyy",4.064,4.064,31.014,1,"red, car do",3.548,3.548,31.012,1,"blue sharp mouse",5,2,4,3,3,5,2,3,3,4,4,3,3,4,2,4,3,3,1,3,4,4,4,5,3,5,6,3,7,5,5,2,2,4,5,4,7,5,2,2,1,4,4,5,6,6,3,2,5,6,4,5,4,2,3,6,6,1,1,2,5,5,3,6,6,6,2,7,1,7,5,6,1,4,6,1,5,1,4,5,5,4,7,6,4,6,4,6,7,4,4,5,5,2,1,1,1,4,1,5,5,5,2,3,7,7,5,6,1,4,3,3,5,3,5,4,2,4,4,5,4,7,10,5,3,2,1,9,8,6,2,3,5,3,6,6,3,5,2,5,2,5,5,2,7,4,4,6,7,3,5,3,6,3,3,3,4,4,2,1,1,3,1,2,2,2,2,2,1,NA,NA,NA,NA,NA,NA,NA,NA,NA,NA,NA,NA,NA,NA,NA,3,4,5,4,4,5,6,5,4,2,4,6,2,4,4,4,4,4,5,3,3,5,4,4,3,4,1,3,5,2,5,2,3,4,2,4,3,2,1,3,4,4,2,2,"this study want to research about people thinking after experienced some interaction. for example, how people feel about their partner, what people think after finished long silly game, do their emotions change? and something like that.","I am still wondering about the purpose of this study.","42.242294311523","-71.809898376465","-1",4.5,5.25,-0.75,2,1.33333333333333,4,5,-1,4.2,4.71428571428571,-0.514285714285714,6,2,5,3,4,1,3.6,5,6,-1,6,7,4,6,2,5.53846153846154,1,3.4,4.16666666666667
"40",55,2015-10-27 14:48:49,1,-1,23,1,1,"19","Sophomore",2,"",3,"",2,"",3,"",3,2,4,4,3,4,2,3,3,3,4,1,1,4,2,3,3,1,1,5,4,4,4,4,3,4,"in the kitchen.","the night before.","after school.","during breakfast.","after a long day at work.","while their mother was working.","before sitting down for dinner.","on his car.",1,1,1.902,29.349,31.007,8,"duck",5.994,10.185,31.019,2,"foot",3.955,9.443,31.033,2,"bee",3.191,3.191,31.004,1,"fire",3.402,26.263,31.015,2,"cookie",2.101,13.203,31.01,2,"cat",6.206,6.206,31.011,1,"",3.039,6.966,31.013,2,"party",3.064,3.064,31.015,1,"light",2.792,2.792,31.002,1,"cheese",4,1,4,2,2,3,1,3,4,1,4,1,1,4,1,4,4,1,1,3,4,4,4,4,4,4,4,3,6,6,4,5,5,6,4,1,7,7,1,1,1,5,3,6,5,4,2,3,5,2,2,6,6,4,2,5,5,2,6,5,6,5,2,6,6,5,2,6,2,7,5,5,1,7,7,2,6,1,4,4,6,6,7,7,1,6,4,5,6,5,4,4,4,4,2,3,2,3,2,5,7,7,6,7,6,7,6,2,1,4,3,3,5,1,2,3,1,3,5,1,4,8,1,9,6,5,7,3,2,10,1,7,3,1,6,6,1,3,6,3,3,5,5,2,6,6,2,1,1,1,5,2,6,3,2,3,4,3,3,3,2,4,4,3,2,3,3,3,3,NA,NA,NA,NA,NA,NA,NA,NA,NA,NA,NA,NA,NA,NA,NA,1,1,4,1,1,6,6,1,2,1,1,1,6,1,1,1,1,6,1,1,6,1,4,4,3,3,2,2,4,3,3,4,2,3,4,3,4,2,3,4,2,4,2,2,"Self and other objectification","As I have mentioned to the research assistant, I attended a lecture with Dr. Garcia in which she explained the purpose of this experiment. My data will likely be discarded as a result.","42.242294311523","-71.809898376465","-1",3,6.25,-3.25,3,2.66666666666667,3.4,5.85714285714286,-2.45714285714286,3.2,4.71428571428571,-1.51428571428571,6.22222222222222,1,5.88888888888889,5,5,5,3.9,6,5,1,6,6,4,5,2,5.53846153846154,8,2.61904761904762,2.11111111111111
"41",58,2015-10-27 17:19:42,1,-1,25,1,1,"18","Average",2,"",4,"",1,"",1,"",4,1,4,1,1,4,3,4,3,3,3,1,1,4,1,4,3,1,1,3,4,4,4,4,3,3,"as she saw them fly in front of her.","because she decided to procrastinate throughout the semester.","because it was dark and gloomy outside.","because he needed to know some current events for class.","because it was her mother's birthday.","outside, so they could enjoy the day.","before the baby went to sleep.","because it was past-due.",1,1,7.379,25.349,31.016,3,"Water",3.694,3.694,31.018,1,"Jump",4.337,4.682,31.012,2,"Bee",4.253,4.253,31.033,1,"Bonfire",3.045,3.045,31.017,1,"Chocolate Kiss",2.834,2.834,31.013,1,"Cat",4.872,4.872,31.043,1,"Per",6.222,6.222,31.006,1,"Piata",6.167,6.167,31.026,1,"Sports Car",24.302,24.591,31.019,2,"Mouse trap",3,1,4,1,1,5,3,5,3,3,3,4,1,2,1,4,4,1,1,1,4,3,4,3,3,3,2,2,6,6,1,6,6,6,5,6,3,2,1,1,1,2,2,6,5,1,1,5,2,5,2,2,3,2,2,6,5,1,1,6,6,5,2,3,2,7,1,4,1,7,6,4,1,4,4,4,4,1,6,3,7,7,6,7,1,6,6,7,7,6,1,1,1,2,1,3,1,4,1,1,7,7,1,5,6,7,7,4,1,7,5,3,5,1,5,5,1,5,5,3,4,3,8,9,7,2,1,5,6,10,2,4,4,1,7,5,2,4,2,5,1,3,2,5,3,6,2,4,5,2,4,3,6,4,5,2,4,4,2,2,5,2,5,1,2,2,1,3,2,NA,NA,NA,NA,NA,NA,NA,NA,NA,NA,NA,NA,NA,NA,NA,3,1,3,2,1,5,6,1,4,2,2,1,3,2,1,3,1,4,2,3,4,3,4,3,2,2,1,1,2,2,1,2,1,3,2,2,3,1,1,2,1,2,1,1,"I think this study was about how students in college form relationships.","","42.242294311523","-71.809898376465","-1",2.75,4.25,-1.5,2,1.66666666666667,3.4,4.85714285714286,-1.45714285714286,1.6,4,-2.4,5.44444444444444,1,5,5,5,3,4.6,4.6,6.4,-1.8,7,7,4,3,2,5.07692307692308,2,3.23809523809524,3.33333333333333
"42",59,2015-10-27 17:36:41,1,-1,25,1,1,"19","Firstyear",2,"",3,"",2,"",1,"",5,1,4,2,2,4,3,4,4,1,5,2,1,1,1,4,4,1,2,1,3,1,1,2,2,2,"on the hot summer day.","all night long.","after prom.","as she ate her breakfast.","after a long day at work.","when they went to the movies.","as he held it in his arms.","in the old car.",1,1,1.185,1.185,31.022,1,"er",16.195,16.195,31.006,1,"foot",8.944,26.207,31.017,16,"bee",5.249,5.249,31.002,1,"fire",9.756,27.291,31.005,21,"cookie",4.08,10.087,31.032,8,"cat",0.391,3.505,31.03,3,"wood",0.083,3.822,31.041,2,"cake",9.664,9.664,31.009,1,"light",0.03,2.001,31.013,2,"trap",2,3,3,5,1,3,1,2,3,3,2,2,3,3,1,3,1,1,1,5,5,4,2,2,2,2,3,1,7,5,3,3,7,1,2,6,5,6,3,2,2,5,1,7,6,1,5,7,1,5,2,3,6,1,2,7,7,1,2,7,1,6,1,2,1,3,1,6,4,6,5,3,1,5,2,2,5,1,3,5,5,3,3,2,6,4,5,4,6,1,5,5,6,1,1,1,1,3,5,2,5,6,1,6,6,6,4,5,1,4,4,1,5,1,1,2,1,2,4,4,8,5,1,9,6,2,4,10,7,3,1,2,3,1,6,7,1,2,4,5,2,4,3,3,4,7,5,6,3,3,4,5,7,4,1,5,6,2,1,2,1,6,1,2,2,2,1,1,1,NA,NA,NA,NA,NA,NA,NA,NA,NA,NA,NA,NA,NA,NA,NA,1,1,4,1,2,5,4,1,3,1,1,4,2,2,1,1,1,3,4,4,3,3,4,3,4,1,3,2,3,5,4,4,1,5,3,5,2,1,3,4,1,3,3,1,"How we form opinions about potential romantic partners","","42.242294311523","-71.809898376465","-1",3.25,6.25,-3,3,2,3.2,4.71428571428571,-1.51428571428571,2.8,5,-2.2,3.88888888888889,2.5,4.55555555555556,5,5,2,3.1,6.6,4.4,2.2,7,4,4,5,2,4.15384615384615,5,2.80952380952381,2.77777777777778
"43",60,2015-10-28 11:47:40,1,-1,26,1,1,"19","1st year",2,"",3,"",2,"",1,"",3,1,4,1,3,5,1,4,4,2,5,4,1,3,1,4,3,1,1,1,3,3,4,5,3,4,"that buzzed around her head.","all night long.","on Tuesday.","to his little sister.","for her family and friends.","even though she didn't like them.","and she stopped crying.","in his car.",1,1,13.215,13.215,31.016,1,"duck",0,0,31.016,0,"",6.412,6.412,31.002,1,"bee",4.493,13.955,31.016,2,"fire",6.667,24.649,31.033,2,"cookie",2.868,2.868,31.013,1,"cat",8.859,8.859,31.03,1,"",6.125,6.125,31.003,1,"party",4.031,4.031,31.013,1,"stop",3.758,3.758,31.004,1,"cheese",5,1,5,1,1,5,1,5,4,1,5,1,1,4,1,5,3,1,1,1,4,3,3,3,3,4,7,4,7,3,2,1,7,1,3,5,7,3,1,1,1,7,4,7,2,3,1,6,2,1,5,7,3,5,3,1,4,2,1,7,4,1,2,7,4,6,4,6,2,7,6,7,1,7,7,3,7,1,5,4,7,7,7,7,1,6,1,6,7,5,3,4,3,1,1,1,1,4,2,6,3,5,4,6,7,6,4,2,1,2,4,2,5,1,3,5,1,5,5,2,5,1,10,7,4,3,2,9,6,8,1,2,7,2,6,4,2,5,1,4,1,1,6,4,6,1,5,2,5,2,4,3,2,2,4,5,6,5,2,2,5,5,2,4,4,1,1,1,1,NA,NA,NA,NA,NA,NA,NA,NA,NA,NA,NA,NA,NA,NA,NA,1,1,3,1,2,3,6,1,3,2,1,6,1,1,1,1,1,6,1,1,6,1,3,5,1,4,1,1,4,1,1,3,1,5,4,1,5,1,1,1,2,4,1,2,"College relationships and self image (body image). Maybe how we think we are perceived by other people.","No.","42.242294311523","-71.809898376465","-1",4.5,6,-1.5,2,1.33333333333333,3.8,4.42857142857143,-0.628571428571429,4,4,0,6.66666666666667,1,4.77777777777778,5,5,4,4.3,4.2,6.8,-2.6,4,6,4,4,2,5.61538461538461,8,3,3
"44",61,2015-10-28 11:56:11,1,-1,26,1,1,"18","Freshman",2,"",1,"",1,"",1,"",2,1,3,1,4,2,1,4,3,1,4,3,1,2,1,4,3,1,1,1,2,3,2,2,2,3,"to get rid of them.","as she usually does.","because she missed the last bus.","to catch up on the sports headlines.","for herself.","for extra cash.","for the first time.","in the deep fryer.",1,1,1.72,22.272,31.014,4,"Duck",2.672,2.672,31.019,1,"",6.144,6.144,31.006,1,"Bee",13.697,13.697,31.008,1,"fire",9.767,9.767,31.006,1,"cookie",5.962,6.571,31.015,2,"Cat",5.513,5.513,31.006,1,"",4.314,4.314,31.022,1,"",7.026,7.026,31.01,1,"Light",7.376,7.376,31.006,1,"House",2,4,2,3,4,2,2,3,2,2,2,1,1,2,2,2,1,2,1,4,1,1,2,2,2,2,3,2,6,5,2,3,3,5,4,2,5,6,4,2,2,5,2,5,4,2,1,3,4,3,4,5,4,3,1,6,4,1,3,5,4,1,1,4,4,5,3,5,1,7,5,7,1,4,4,1,7,1,5,4,7,7,6,6,2,6,6,5,6,4,5,4,6,1,1,1,1,4,3,6,6,5,2,6,7,7,2,5,1,5,4,5,5,1,2,5,1,4,4,1,5,1,10,7,4,2,8,9,6,3,2,5,5,5,5,4,3,5,1,2,1,1,5,2,7,4,1,4,4,2,5,1,4,5,7,3,4,7,6,6,7,6,6,5,6,4,3,4,3,NA,NA,NA,NA,NA,NA,NA,NA,NA,NA,NA,NA,NA,NA,NA,2,1,5,2,1,5,1,2,2,1,1,3,3,1,1,2,1,2,1,1,6,3,2,2,3,5,2,2,2,1,3,2,2,3,4,3,2,3,1,2,2,1,3,2,"How people feel about themselves and how they get along with other people","No","42.242294311523","-71.809898376465","-1",2.25,5,-2.75,2,1.5,2.4,4.85714285714286,-2.45714285714286,2.8,4,-1.2,5.44444444444444,3,5.11111111111111,5,5,5,4.4,5.4,5.6,-0.199999999999999,5,7,4,6,2,5.15384615384615,5,3.04761904761905,2.66666666666667
"45",62,2015-10-28 12:52:29,1,-1,27,1,1,"19","Sophomore",2,"",2,"",1,"",1,"",4,1,4,1,2,4,1,4,4,2,4,3,1,2,1,4,3,1,1,1,4,4,3,3,3,3,"in her kitchen.","the night before.","from the party.","at breakfast.","for her family.","on Friday night.","that was only one month old.","of his car.",1,1,4.38,4.956,31.015,2,"duck",7.341,7.341,31.022,1,"",2.586,2.586,31.025,1,"Bee",16.275,16.275,31.018,1,"Fire",21.764,21.764,31.006,1,"",4.685,4.685,30.999,1,"",6.348,6.348,31.01,1,"",5.532,5.532,31.024,1,"Party",6.227,6.227,31.008,1,"",11.33,11.33,31.016,1,"Trap",3,3,3,3,3,3,3,3,2,3,3,3,3,3,2,3,2,1,3,3,3,3,3,3,2,3,4,1,3,3,1,1,2,6,2,3,6,6,2,2,2,3,1,4,2,1,2,1,6,2,2,6,6,2,1,4,3,1,1,2,6,2,1,6,6,6,2,6,2,6,4,5,1,4,5,2,6,1,3,4,7,7,6,6,2,5,3,5,6,5,4,4,4,1,1,1,1,4,2,2,6,3,2,6,6,6,4,2,1,2,5,5,5,1,5,5,1,5,5,1,6,2,4,5,10,1,8,9,3,7,3,5,5,3,3,5,5,5,4,3,4,3,4,4,4,4,5,6,6,4,5,6,4,5,3,2,3,3,3,NA,3,3,1,2,1,1,1,1,1,NA,NA,NA,NA,NA,NA,NA,NA,NA,NA,NA,NA,NA,NA,NA,1,3,3,4,4,2,1,1,5,5,4,3,2,4,2,4,4,2,2,4,1,1,2,4,1,1,1,1,4,1,1,4,1,4,4,2,3,1,1,1,1,4,2,2,"I think this study was about studying you confident levels before and after a complicated task.","No.","42.242294311523","-71.809898376465","-1",2.25,4.25,-2,2,1.33333333333333,2,4,-2,1.8,3.85714285714286,-2.05714285714286,5.33333333333333,2,4.11111111111111,5,5,5,5,4.8,6.2,-1.4,6,6,4,5,2,5,4,3.23809523809524,3.55555555555556
"46",63,2015-10-28 12:54:50,1,1,27,1,1,"18","freshman",1,"",3,"",1,"",1,"",5,1,5,1,2,4,1,4,3,1,3,4,1,2,1,3,4,1,1,1,2,1,2,3,1,2,"furiously.","until she passed out.","because she was lost.","because Sam likes to read.","for her kids.","to make money.","because his wife died.","in his car.",1,1,3.188,3.188,31.024,1,"duck",0,0,31.021,0,"",6.279,6.279,31.018,1,"bees",1.709,1.709,31.004,1,"burning",15.345,15.345,31.03,1,"cookie",3.892,3.892,31.011,1,"cat",0,0,31.013,0,"",12.858,12.858,31.012,1,"",1.605,1.605,31.014,1,"",9.716,10.004,31.014,2,"trap",4,3,4,3,1,3,1,3,3,1,3,3,1,4,1,3,3,1,1,1,5,3,3,3,2,2,5,4,7,3,5,3,1,7,1,1,7,5,1,1,1,5,3,7,6,1,4,1,5,2,3,5,5,7,3,3,5,2,1,1,4,1,2,6,5,6,1,4,1,6,4,6,1,5,4,3,7,1,4,5,6,3,7,7,3,5,5,7,6,2,7,5,5,1,2,2,2,1,1,5,7,5,6,6,6,6,6,1,1,4,4,3,5,1,4,5,1,5,4,1,6,2,3,7,9,1,4,8,5,10,2,3,4,4,6,7,3,4,1,3,1,1,6,2,7,1,4,3,5,3,4,2,5,4,NA,NA,NA,NA,NA,NA,NA,NA,NA,NA,NA,NA,NA,NA,NA,1,2,4,4,2,2,1,3,2,2,4,1,1,1,1,4,1,2,2,2,3,6,4,4,2,1,4,3,1,2,1,6,6,4,3,5,4,4,4,3,4,1,1,3,1,2,5,3,4,3,2,4,1,2,NA,1,4,2,2,"I think this study was designed to put people through stressful situations, such as meeting a potential romantic partner or testing their cognitive ability, and seeing how that reflects on their self esteem.","not really.","42.242294311523","-71.809898376465","-1",3.75,5,-1.25,5,2.16666666666667,3.6,4.42857142857143,-0.828571428571429,3.2,4.42857142857143,-1.22857142857143,5.44444444444444,1,5.33333333333333,5,5,5,4.5,4.8,6.2,-1.4,7,7,4,4,2,5.07692307692308,4,3.52380952380952,3.44444444444444
"47",65,2015-10-28 15:57:24,1,-1,28,1,1,"18","Freshmen",2,"",3,"",2,"",3,"",4,2,3,2,3,3,2,4,4,5,5,1,1,3,3,3,3,1,1,2,4,5,3,4,4,4,"circling her face","scheduled for tomorrow","from the party","on his phone","for herself","for a few hours","carefully","in his car",1,1,2.173,10.293,31.016,2,"duck",4.072,4.072,31.025,1,"run",3.904,3.904,31.017,1,"bee",2.552,2.552,31.019,1,"fire",12.621,12.621,31.015,1,"cookie",2.023,2.023,31.016,1,"cat",2.214,2.214,31.007,1,"",1.907,1.907,31.02,1,"party",2.313,2.313,31.009,1,"stop",2.307,2.307,31.013,1,"",4,1,4,1,3,4,1,4,4,5,4,3,1,2,2,4,1,1,1,2,5,4,4,4,4,3,7,6,6,4,6,5,4,5,6,4,5,3,1,1,1,6,5,7,4,5,5,2,4,6,4,7,2,5,6,5,6,6,4,4,5,6,4,5,1,6,2,7,4,7,4,6,1,5,5,3,6,1,3,5,5,5,5,5,1,6,5,7,6,5,4,4,4,2,3,3,2,4,2,5,7,6,2,7,7,5,4,2,1,6,2,2,5,3,2,4,3,4,5,5,10,3,4,8,1,2,6,9,5,7,1,3,4,5,7,7,1,3,4,6,3,7,1,2,6,6,4,5,4,3,4,3,5,3,4,6,6,6,6,4,5,6,3,6,5,1,3,1,3,NA,NA,NA,NA,NA,NA,NA,NA,NA,NA,NA,NA,NA,NA,NA,2,3,6,3,4,2,3,1,1,4,2,3,5,3,3,2,1,2,1,2,3,4,3,4,1,3,1,2,4,4,2,5,2,4,2,2,5,1,2,2,1,3,3,1,"Studying how people interact with each other, and if they have a tendency to judge themselves significantly differently than other people judge them.","I don't know my partner very well, we have just spoken a few times before.","42.242294311523","-71.809898376465","-1",5.75,4.5,1.25,2,2.33333333333333,5.6,4.71428571428571,0.885714285714285,5,4.57142857142857,0.428571428571429,5.55555555555556,1,5,3,3,1,3.1,6.4,4.6,1.8,6,4,4,4,2,5,7,2.76190476190476,2.55555555555556
"48",66,2015-10-28 14:47:04,1,-1,28,1,1,"18","freshman",2,"",3,"",2,"",1,"",4,3,4,1,2,4,2,5,4,2,5,1,1,3,2,4,3,1,1,3,3,4,3,2,3,4,"in order to make them leave.","because she had procrastinated.","since it was late at night.","with his morning coffee.","for her children.","to earn extra money for college.","milk, because its mother wasn't there.","in his old, rusty car.",1,1,6.147,6.147,31.026,1,"",15.29,15.29,31.011,1,"foot",2.842,18.088,31.001,4,"bee",13.047,13.047,31.021,1,"fire",7.12,7.12,31.007,1,"cookie",4.957,4.957,31.017,1,"cat",12.068,12.068,31.039,1,"corn",12.608,12.608,31.007,1,"party",0,0,31.001,0,"",11.147,11.147,31.023,1,"",5,2,3,1,2,5,2,5,3,2,4,1,1,3,2,3,4,1,1,2,3,4,3,3,3,3,3,1,6,3,3,1,4,5,3,2,6,2,2,4,5,4,2,5,5,2,1,2,4,4,4,6,4,5,3,5,4,4,2,2,3,1,2,6,1,5,3,6,3,7,4,6,1,5,4,1,7,1,4,4,6,4,6,6,2,6,5,5,6,4,5,5,5,3,1,2,2,3,2,3,4,4,3,6,7,6,3,2,1,3,3,2,4,1,2,4,2,3,3,2,8,5,1,10,4,3,6,9,7,2,1,4,2,2,6,6,2,3,5,2,3,6,3,2,4,6,2,4,5,1,2,3,6,2,4,5,6,5,5,3,5,5,4,4,3,2,2,2,3,NA,NA,NA,NA,NA,NA,NA,NA,NA,NA,NA,NA,NA,NA,NA,1,1,6,1,1,6,6,1,1,1,1,1,1,1,1,1,1,6,1,1,6,1,4,4,2,2,1,1,4,4,4,5,2,3,3,4,5,2,3,2,5,4,1,1,"what we think of ourselves and how others can interpret how we feel about ourselves through how we interact with people we meet. I think the purpose was to see how certain self-awareness characteristics translate into actions and conversations and how we ry to portray ourselves to people we are meeting for the first time and getting to know","","42.242294311523","-71.809898376465","-1",2.25,4.5,-2.25,3,2.16666666666667,2,4.14285714285714,-2.14285714285714,2.6,4.28571428571429,-1.68571428571429,5.44444444444444,3,4.22222222222222,5,4,4,3.4,7.2,3.8,3.4,5,5,4,6,2,5,6,3.23809523809524,3.11111111111111
"49",70,2015-10-29 13:47:10,1,1,30,1,1,"18","First Year",1,"",3,"",2,"",1,"",3,1,5,1,3,4,1,4,4,2,4,3,1,3,1,5,2,1,1,1,4,2,4,4,2,3,"but narrowly missed.",", awake by the dim light of her computer desk.","as her friend had already left.","while eating a quick breakfast before class.","for her soon-arriving relatives.","even though she would rather be at the baseball game.","while he waited for the mother to return from the restroom.","while the impatient man watched his every move.",1,1,3.03,23.587,31.009,6,"Duck",3.269,13.14,31.014,10,"",2.34,7.924,31.003,4,"Bee",2.497,2.497,31.022,1,"Burning",2.754,9.754,31.015,2,"Cookie",4.081,4.081,31.018,1,"Cat",5.034,14.881,31.012,4,"ER",5.286,5.286,31.025,1,"Party",2.467,2.467,31.005,1,"Light",2.84,2.84,31.007,1,"Cheese",2,1,2,1,3,3,1,3,3,3,3,1,1,4,1,5,2,1,1,1,5,2,5,3,4,2,4,6,6,3,3,1,5,2,3,5,4,5,5,5,6,5,5,6,5,2,1,4,1,3,3,4,2,4,5,6,6,7,1,2,1,1,2,4,4,3,5,3,6,5,2,2,1,2,4,3,4,1,5,5,7,3,6,3,2,4,4,5,4,2,5,6,7,3,1,2,3,4,4,3,7,7,4,5,7,7,5,1,1,3,4,1,2,3,2,4,1,3,2,4,8,1,6,9,4,2,3,5,7,10,2,3,2,5,6,6,2,2,3,6,1,5,4,1,7,4,4,2,4,2,2,2,6,3,NA,NA,NA,NA,NA,NA,NA,NA,NA,NA,NA,NA,NA,NA,NA,1,3,4,4,2,1,1,5,2,1,2,1,1,1,1,1,1,4,1,4,4,5,3,2,1,4,1,4,2,3,3,2,5,2,4,6,2,5,5,2,1,2,3,5,5,3,5,2,4,3,2,4,2,2,1,1,4,1,2,"Peoples reactions to meeting a new person for the first time and how they defensively respond.","Not particularly!","42.242294311523","-71.809898376465","-1",4.5,5,-0.5,2,2.5,3.8,4,-0.2,3.2,3.57142857142857,-0.371428571428571,3.33333333333333,5,5.11111111111111,3,5,2,2.8,5.6,5.4,0.199999999999999,3,2,4,4,2,3,6,3.04761904761905,2.77777777777778
"50",71,2015-10-29 13:57:16,1,-1,30,1,1,"19","relatively high? I don't know",2,"",3,"",2,"",1,"",4,3,4,1,3,3,1,3,2,2,3,1,2,2,1,3,3,1,1,2,2,4,2,4,2,2,"because they were in the fruit.","after she procrastinated.","because she was lost.","as she sipped her coffee.","for her family.","on the weekends.","for his parents.","of his car.",1,1,5.219,22.241,31.027,7,"duck",15.5,29.554,31.018,2,"active",1.748,4.227,31.004,2,"bee",4.024,6.048,31.027,2,"fire",6.616,12.543,31.016,2,"cookie",3.421,5.398,31.014,2,"cat",13.583,13.583,31.023,1,"",3.835,9.042,31.026,2,"party",2.947,5.763,31.011,2,"drive",2.071,9.494,30.997,2,"cheese",4,2,3,1,3,3,1,4,2,2,4,3,1,2,1,3,3,1,1,1,3,2,2,2,2,2,4,2,7,4,2,5,4,4,5,3,5,6,2,2,5,3,2,5,5,1,2,5,5,6,5,5,5,6,4,4,5,4,1,3,5,2,5,4,5,2,6,6,5,5,6,7,1,5,5,5,7,1,3,4,4,6,4,6,4,6,7,6,7,6,1,1,1,3,2,3,3,2,5,2,2,2,1,5,7,5,2,2,1,2,5,3,5,1,5,5,1,5,5,2,7,6,3,9,5,1,8,10,2,4,2,3,2,1,6,5,2,2,6,6,5,2,1,6,2,6,5,6,5,2,5,5,6,5,2,2,5,4,4,2,3,3,4,4,5,2,2,1,2,NA,NA,NA,NA,NA,NA,NA,NA,NA,NA,NA,NA,NA,NA,NA,4,1,4,5,1,4,1,1,4,1,1,4,4,1,2,1,4,5,2,4,6,4,2,2,1,3,2,2,3,3,2,3,2,3,1,3,3,1,3,2,1,3,2,2,"I thought this study was more about college relationships and less about romantic college relationships.","","42.242294311523","-71.809898376465","-1",2.75,5.5,-2.75,4,3.33333333333333,3.2,5,-1.8,2.6,5.14285714285714,-2.54285714285714,5.11111111111111,2,3.11111111111111,5,5,4,4.7,6.4,4.6,1.8,2,3,4,2,2,4.23076923076923,7,3.42857142857143,4
