"","partID","dyadID","StartDate","EndDate","Status","IPAddress","Progress","Duration__in_seconds_","Finished","RecordedDate","ResponseId","RecipientLastName","RecipientFirstName","RecipientEmail","ExternalReference","LocationLatitude","LocationLongitude","DistributionChannel","UserLanguage","age","calss.0","gender","gender_5_TEXT","race","race_6_TEXT","relstatus","relstatus_3_TEXT","sexor","sexor_5_TEXT","maaclpre_1","maaclpre_2","maaclpre_3","maaclpre_4","maaclpre_5","maaclpre_6","maaclpre_7","maaclpre_8","maaclpre_9","maaclpre_10","maaclpre_11","maaclpre_12","maaclpre_13","maaclpre_14","maaclpre_15","maaclpre_16","maaclpre_17","maaclpre_18","maaclpre_19","maaclpre_20","maaclpre_21","maaclpre_22","maaclpre_23","maaclpre_24","maaclpre_25","maaclpre_26","sexismpre_1","sexismpre_2","sexismpre_3","sexismpre_4","sexismpre_5","sexismpre_6","sexismpre_7","sexismpre_8","Q54_First_Click","Q54_Last_Click","Q54_Page_Submit","Q54_Click_Count","rat1_1.0","Q55_First_Click","Q55_Last_Click","Q55_Page_Submit","Q55_Click_Count","rat2_1.0","Q56_First_Click","Q56_Last_Click","Q56_Page_Submit","Q56_Click_Count","rat3_1.0","Q57_First_Click","Q57_Last_Click","Q57_Page_Submit","Q57_Click_Count","rat4_1.0","Q58_First_Click","Q58_Last_Click","Q58_Page_Submit","Q58_Click_Count","rat5_1.0","Q59_First_Click","Q59_Last_Click","Q59_Page_Submit","Q59_Click_Count","rat6_1.0","Q60_First_Click","Q60_Last_Click","Q60_Page_Submit","Q60_Click_Count","rat7_1.0","Q61_First_Click","Q61_Last_Click","Q61_Page_Submit","Q61_Click_Count","rat8_1.0","Q44_First_Click","Q44_Last_Click","Q44_Page_Submit","Q44_Click_Count","rat9_1.0","Q42_First_Click","Q42_Last_Click","Q42_Page_Submit","Q42_Click_Count","rat10_1","maaclpost_1","maaclpost_2","maaclpost_3","maaclpost_4","maaclpost_5","maaclpost_6","maaclpost_7","maaclpost_8","maaclpost_9","maaclpost_10","maaclpost_11","maaclpost_12","maaclpost_13","maaclpost_14","maaclpost_15","maaclpost_16","maaclpost_17","maaclpost_18","maaclpost_19","maaclpost_20","maaclpost_21","maaclpost_22","maaclpost_23","maaclpost_24","maaclpost_25","maaclpost_26","otherint_1","otherint_2","otherint_3","otherint_4","otherint_5","otherint_6","otherint_7","otherint_8","otherint_9","otherint_10","otherint_11","otherint_12","howbody_1","howbody_2","howbody_3","metaint_1","metaint_2","metaint_3","metaint_4","metaint_5","metaint_6","metaint_7","metaint_8","metaint_9","metaint_10","metaint_11","metaint_12","selfint_1","selfint_2","selfint_3","selfint_4","selfint_5","selfint_6","selfint_7","selfint_8","selfint_9","selfint_10","selfint_11","selfint_12","inter_1","inter_2","inter_3","inter_4","inter_5","inter_6","inter_7","inter_8","inter_9","inter_10","inter_11","inter_12","inter_13","interaux_1","interaux_2","interaux_3","interaux_4","interaux_5","interaux_6","interaux_7","interaux_8","interaux_9","interaux_10","interaux_11","interaux_12","power_1","power_2","power_3","physanx_1","physanx_2","physanx_3","physanx_4","physanx_5","physanx_6","relag_1","relag_2","relag_3","relag_4","relag_5","relag_6","relag_7","relag_8","relag_9","incselfoth_1","careerasp_1","careerasp_2","careerasp_3","careerasp_4","careerasp_5","careerasp_6","careerasp_7","careerasp_8","careerasp_9","careerasp_10","tso_1","tso_2","tso_3","tso_4","tso_5","tso_6","tso_7","tso_8","tso_9","tso_10","obcs_1","obcs_2","obcs_3","obcs_4","obcs_5","obcs_6","obcs_7","obcs_8","obcs_9","obcs_10","obcs_11","obcs_12","obcs_13","obcs_14","obcs_15","obcs_16","obcs_17","obcs_18","obcs_19","obcs_20","obcs_21","obcs_22","obcs_23","obcs_24","isowomen_1","isowomen_2","isowomen_3","isowomen_4","isowomen_5","isowomen_6","isowomen_7","isowomen_8","isowomen_9","isowomen_10","isowomen_11","uesawomen_1","uesawomen_2","uesawomen_3","uesawomen_4","isomen_1","isomen_2","isomen_3","isomen_4","isomen_5","isomen_6","isomen_7","isomen_8","isomen_9","isomen_10","isomen_11","uesamen_1","uesamen_2","uesamen_3","uesamen_4","asi_1","asi_2","asi_3","asi_4","asi_5","asi_6","asi_7","asi_8","asi_9","asi_10","asi_11","asi_12","asi_13","asi_14","asi_15","asi_16","asi_17","asi_18","asi_19","asi_20","asi_21","asi_22","sse_1","sse_2","sse_3","sse_4","sse_5","sse_6","sse_7","sse_8","sse_9","sse_10","sse_11","sse_12","sse_13","sse_14","sse_15","sse_16","sse_17","sse_18","sse_19","sse_20","sse_21","knowpart","Q67","Q66","genderE","extSOO","intSOO","a2pSOO","extmetaSOO","intmetaSOO","metaSOO","authenticity","howbody_avg","relag_9.r","relag","careerasp4.r","careerasp7.r","careerasp10.r","careerasp","funcTSO","physTSO","TSO","trigram_score","avg_sexism","sexism_logel"
"1",4,2,2017-03-28 10:09:17,2017-03-28 11:48:52,0,"131.229.84.114",100,5975,1,2017-03-28 11:48:53,"R_3Gp1QcGEh1QMLa5","","","","","42.325103759766","-72.64119720459","anonymous","EN","20","good",2,"",3,"",2,"",2,"",3,2,3,2,3,4,2,4,2,3,4,2,1,2,4,4,3,1,1,2,3,3,4,3,2,3,"that flew around her head.","in twenty minutes.","from the bus station.","in his kitchen.","for her family.","for ten dollars.","really late at night.","in his Chevy Impala.",1.454,1.454,31.443,1,"duck",4.277,4.277,31.442,1,"",2.006,2.006,31.445,1,"bee",1.49,1.49,31.443,1,"fire",4.922,4.922,31.435,1,"cookie",2.329,2.329,31.445,1,"cat",2.22,2.22,31.448,1,"corn",2.242,2.242,31.445,1,"party",2.597,2.597,31.441,1,"light",2.412,2.412,31.443,1,"cheese",2,4,2,3,3,3,3,1,2,3,2,3,1,2,3,2,2,1,1,4,4,2,2,2,1,2,6,5,7,4,6,5,6,2,4,3,6,4,2,2,2,5,6,6,4,5,5,7,2,2,5,4,4,7,7,6,2,5,6,7,1,5,3,4,4,4,5,5,4,6,3,6,1,4,6,4,5,1,5,2,5,5,5,5,4,4,4,5,6,3,6,6,6,4,2,4,4,2,4,4,7,7,5,5,3,7,5,5,2,3,2,5,3,1,4,1,2,4,1,10,8,2,4,3,1,7,5,6,9,1,5,4,1,7,5,2,4,4,2,5,5,1,6,3,4,4,6,3,2,3,3,4,2,2,2,6,3,4,4,2,6,4,2,2,3,3,3,4,NA,NA,NA,NA,NA,NA,NA,NA,NA,NA,NA,NA,NA,NA,NA,1,1,5,3,1,6,6,3,5,1,1,2,2,1,2,1,1,6,4,1,6,5,4,3,5,4,3,3,2,5,4,2,3,2,2,4,3,4,4,4,3,3,4,2,"How we react to each other's bodies and to our own?","","-1",5,4.71428571428571,0.285714285714286,5.2,4.14285714285714,1.05714285714286,4.88888888888889,2,3,5.11111111111111,1,5,5,3.2,7,4,3,7,3.25,3.33333333333333
"2",5,2,2017-03-28 10:11:19,2017-03-28 11:46:30,0,"131.229.84.116",100,5711,1,2017-03-28 11:46:31,"R_3erZTMvlb59N1vW","","","","","42.325103759766","-72.64119720459","anonymous","EN","21","junior",2,"",2,"",2,"",1,"",3,1,2,1,4,4,2,4,3,3,4,1,1,3,1,3,3,3,1,2,4,3,4,3,3,3,"angrily","anxiously","safely","carefully","for the family","happily","carefully","to make a good dinner",5.601,17.48,31.44,2,"duck",2.676,2.676,31.436,1,"",3.871,3.871,31.443,1,"pain",3.014,31.42,31.436,2,"free",3.445,28.843,31.423,2,"cookie",4.787,4.787,31.469,1,"",8.124,8.124,31.443,1,"runs",2.136,2.136,31.444,1,"gift",12.923,15.69,31.442,2,"",2.096,2.096,31.439,1,"clicks",4,1,4,1,1,4,1,4,4,1,4,2,1,4,1,3,3,2,1,1,2,3,3,3,3,3,6,1,6,4,2,5,5,3,1,4,4,5,5,3,3,5,4,6,5,5,5,5,4,5,5,3,5,6,6,6,6,6,6,6,2,1,6,4,5,3,4,4,2,4,4,4,1,4,4,4,4,1,5,4,4,5,5,5,3,5,5,5,5,5,4,3,3,2,1,2,3,2,3,5,6,6,4,4,5,5,5,4,2,4,4,5,2,5,4,2,4,5,2,8,6,2,9,3,1,5,10,7,4,1,4,4,2,6,6,1,4,6,6,4,3,3,5,3,6,5,6,6,5,6,2,6,5,1,1,3,2,1,1,1,2,1,2,1,1,1,1,1,NA,NA,NA,NA,NA,NA,NA,NA,NA,NA,NA,NA,NA,NA,NA,5,3,3,4,5,2,4,6,6,3,4,3,2,4,5,4,5,3,4,4,5,5,4,3,3,4,3,3,3,1,4,3,3,4,4,4,3,3,3,3,1,4,4,2,"college relationship, and the effect of self-perception","I don't know how trigram works, so I think I messed that section up...","-1",3.6,4,-0.4,4.8,4.71428571428571,0.0857142857142854,4.11111111111111,4,4,4.88888888888889,2,4,4,4.1,7,4,3,2,3.125,4.16666666666667
"3",8,3,2017-03-29 08:50:44,2017-03-29 09:50:57,0,"131.229.84.116",100,3613,1,2017-03-29 09:50:58,"R_2OZ4dyStCRm3dZx","","","","","42.325103759766","-72.64119720459","anonymous","EN","21","senior",1,"",3,"",1,"",3,"",3,3,1,4,2,3,3,2,2,3,2,2,3,2,3,2,2,4,3,3,3,2,2,1,2,2,"that hummed around her picnic lunch.","the night before.","from the tall dark stranger.","as rarely as he could manage.","for her ungrateful kids.","to earn money for college.","once in a while.","in his old jalopy.",1.385,9.293,31.427,2,"duck",1.269,4.78,31.425,2,"foot",2.259,4.722,31.424,2,"bee",2.383,22.392,31.424,2,"wood",1.888,6.626,31.425,2,"cookie",2.369,4.552,31.421,2,"cat",1.885,2.158,31.429,2,"",2.922,7.258,31.431,2,"party",2.491,26.171,31.423,3,"",1.149,6.062,31.425,2,"cheese",3,4,1,5,2,2,3,2,1,3,2,1,4,2,4,1,2,3,3,4,2,2,1,2,1,1,4,3,4,2,2,2,1,1,3,4,2,2,4,3,5,5,5,4,5,5,4,1,1,3,4,2,4,7,7,5,6,7,5,3,1,3,6,4,5,5,2,4,3,6,4,5,2,6,5,2,5,2,3,2,6,4,5,5,3,6,4,5,6,6,6,5,5,4,5,5,5,2,5,2,7,7,2,1,5,6,2,5,3,5,4,4,1,5,5,1,5,5,1,9,8,2,4,5,3,10,1,6,7,1,1,1,1,7,6,1,1,7,7,7,7,1,7,1,7,3,2,7,2,1,2,7,1,NA,NA,NA,NA,NA,NA,NA,NA,NA,NA,NA,NA,NA,NA,NA,1,2,5,3,2,1,1,2,1,2,1,1,1,1,1,1,1,6,2,1,6,5,1,1,2,2,1,5,2,1,1,2,5,1,2,5,1,1,2,5,1,5,4,1,5,4,1,4,2,1,5,1,4,5,4,5,1,4,2,"Study was likely about the influence of body image and beliefs about gender/power on social interaction.","The most accurate descriptor for me would be ""transgender male"" or ""FTM""; because I feel my present social position and beliefs about my body are more typical of a male than a female, I checked male. I would be surprised if my responses overlapped much with a trans woman's (MTF). Therefore, I'm not sure the ""transgender"" category captures exactly what you want it to.

For future studies, a ""cisgender male"" and ""transgender male"" box or a ""are you transgender?"" item would avoid the problem of grouping trans men and trans women together: these two categories have sufficiently different body image problems, socialization, and neurology that it doesn't make sense to lump them.","1",3,2.14285714285714,0.857142857142857,4.6,2.85714285714286,1.74285714285714,5,3.5,3,3.88888888888889,3,5,5,4.6,7.4,3.6,3.8,7,3.75,3.66666666666667
"4",9,3,2017-03-29 08:51:15,2017-03-29 10:07:15,0,"131.229.84.114",100,4560,1,2017-03-29 10:07:16,"R_3npcpgThJKo1v4W","","","","","42.325103759766","-72.64119720459","anonymous","EN","20","I'm graduating with the class of 2018? Or if this is about achievement, I'm not sure where I stand.",2,"",2,"",1,"",1,"",3,2,3,1,2,3,1,2,2,2,3,2,1,1,1,2,3,2,1,1,2,2,2,2,2,2," , because it was flying over her food.",", because she procrastinated"," late at night after a party"," as her morning routine"," because she was very hungry"," to earn some extra money"," who was crying all day"," of the car",2.23,2.23,31.424,1,"",5.028,5.028,31.422,1,"",8.37,8.37,31.426,1,"bee",3.995,3.995,31.422,1,"",3.99,3.99,31.429,1,"",13.562,13.562,31.626,1,"",1.655,9.495,31.771,3,"",7.795,7.795,32.999,1,"party",2.401,2.401,31.797,1,"",1.568,1.568,31.423,1,"",3,3,3,1,2,3,1,2,2,2,2,2,1,2,1,2,1,2,1,2,1,2,2,2,2,2,4,1,5,5,1,2,4,2,1,4,3,5,1,2,1,3,1,4,4,1,2,2,2,2,3,4,2,3,5,3,4,1,1,1,3,1,1,4,2,2,4,2,3,5,3,3,1,3,2,1,6,1,3,3,4,5,2,3,4,4,3,3,6,4,3,3,4,1,1,1,3,3,3,4,5,5,5,6,5,6,5,5,3,3,2,3,1,2,4,1,4,4,3,4,3,6,10,2,1,5,8,9,7,3,4,2,3,3,6,4,4,3,2,3,2,4,3,5,3,2,3,5,3,3,3,4,3,4,3,4,4,4,3,3,4,4,2,4,2,2,2,2,NA,NA,NA,NA,NA,NA,NA,NA,NA,NA,NA,NA,NA,NA,NA,3,1,1,1,2,2,6,3,1,3,2,5,2,2,4,2,6,5,4,1,6,4,2,3,3,4,3,3,3,2,3,3,3,3,4,3,3,1,2,4,3,3,3,2,"reflection of self and society and how that relates to my behavior during interactions","","-1",2.4,3.57142857142857,-1.17142857142857,2,2.85714285714286,-0.857142857142857,2.77777777777778,1.5,3,4.88888888888889,3,5,3,3.3,6.2,4.8,1.4,2,NA,NA
"5",11,6,2017-04-05 14:03:12,2017-04-05 14:55:21,0,"131.229.84.114",100,3128,1,2017-04-05 14:55:21,"R_3KI0JFbrZLj2j77","","","","","42.325103759766","-72.64119720459","anonymous","EN","21","Senior",2,"",2,"",3,"I guess",1,"",3,4,3,2,4,3,2,3,3,3,3,1,1,3,2,4,3,1,2,2,1,4,3,3,3,3,"in her living room.","after spending the night with friends.","because there were no Uber drivers nearby.","because her father told her to.","after a long day at school.","while they were at work.","because it was crying.","because his car showed a light indicating he needed to change it.",2.14,24.299,31.429,4,"Duck",1.587,1.587,31.429,1,"",3.764,3.764,31.422,1,"Bee",2.957,2.957,31.426,1,"Fire",3.505,3.505,31.424,1,"Cookies",3.073,21.881,31.422,2,"Cat",5.235,5.235,31.426,1,"",2.154,2.154,31.428,1,"Party",3.243,27.292,31.423,2,"Traffic Light",3.128,10.896,31.424,2,"Cheese",4,2,3,1,2,3,1,3,3,3,3,2,1,2,2,4,3,1,1,1,3,2,2,2,2,3,6,1,7,7,1,1,1,7,6,6,7,7,1,2,2,4,1,7,7,1,1,2,5,1,4,5,4,1,1,6,7,1,1,1,7,1,1,7,6,6,2,5,4,4,6,4,1,5,6,4,5,1,4,4,7,2,6,5,4,4,5,3,5,3,7,7,4,1,1,2,4,5,5,1,6,7,5,1,7,6,5,1,5,5,5,5,1,5,5,5,3,5,1,7,1,9,2,5,4,3,8,6,10,2,6,5,2,7,7,1,5,4,2,3,1,3,1,7,1,4,1,2,1,2,4,4,2,6,6,6,6,6,6,6,6,5,6,6,4,2,4,4,NA,NA,NA,NA,NA,NA,NA,NA,NA,NA,NA,NA,NA,NA,NA,1,1,4,1,1,6,6,4,4,1,1,1,6,1,1,1,4,6,6,1,6,6,3,4,1,4,1,3,5,1,2,4,1,3,2,2,3,1,2,3,3,4,1,1,"It seems cool, would love to see the results!","I only met my partner once or twice when she was a first year hanging around the house I live in (which is how she knew I was the residence life staff in Cushing).","-1",3,6,-3,2.2,4.42857142857143,-2.22857142857143,5.22222222222222,1.5,7,5,3,1,5,4.2,3.8,7.2,-3.4,7,2.875,2.33333333333333
"6",12,6,2017-04-05 14:06:03,2017-04-05 14:52:21,0,"131.229.84.116",100,2778,1,2017-04-05 14:52:22,"R_VLsyTUF2pNhoUFj","","","","","42.325103759766","-72.64119720459","anonymous","EN","20 years old","Good",2,"",6,"Mixed",2,"",5,"Not sure",3,1,2,1,4,4,1,3,2,2,4,1,1,1,1,3,3,1,1,1,3,2,1,2,1,1,"on the chair.","the night before.","work done.","this morning.","last night.","for three years.","in the middle of the night.","in the car.",1.41,1.41,31.423,1,"duck",1.411,1.834,31.426,2,"",3.587,4.411,31.428,2,"bee",1.069,1.069,31.428,1,"fire",2.518,2.518,31.424,1,"cookie",0.958,0.958,31.422,1,"cat",18.464,18.464,31.425,1,"",6.857,6.857,31.422,1,"party",11.055,11.055,31.427,1,"cart",5.436,5.436,31.43,1,"",3,1,2,1,4,3,1,2,2,3,3,2,1,2,1,3,3,1,1,1,3,2,1,2,1,1,3,2,5,7,1,2,7,7,1,1,7,1,1,1,1,6,2,6,4,1,1,2,5,1,4,5,5,7,1,6,2,1,2,6,5,1,5,4,1,2,5,6,5,7,2,2,1,1,1,5,7,1,3,1,2,7,1,3,7,2,5,2,6,3,1,1,3,1,1,2,1,2,5,1,5,5,1,5,7,3,1,1,1,3,2,5,1,2,4,1,4,5,1,5,6,1,4,7,2,3,10,8,9,1,5,4,2,7,1,1,5,1,6,1,1,2,1,7,6,1,1,7,1,3,1,7,2,3,4,5,6,6,4,2,4,1,5,6,2,1,2,2,NA,NA,NA,NA,NA,NA,NA,NA,NA,NA,NA,NA,NA,NA,NA,6,1,1,3,2,6,3,5,4,1,5,5,1,2,2,3,6,4,6,1,4,3,2,4,3,1,1,1,3,3,4,4,2,2,2,4,3,1,3,5,1,2,4,2,"How college students form relationships, talk about themselves, and perceive themselves and others","","-1",1.8,5,-3.2,2.8,4,-1.2,2.77777777777778,1,7,3.88888888888889,3,5,5,3.8,5.2,5.8,-0.6,6,NA,NA
"7",15,7,2017-05-11 13:48:25,2017-05-11 14:22:13,0,"131.229.84.116",3,2028,0,2017-05-18 14:22:26,"R_vVVknGDOs7QcZyx","","","","","","","anonymous","EN","","",NA,"",NA,"",NA,"",NA,"",NA,NA,NA,NA,NA,NA,NA,NA,NA,NA,NA,NA,NA,NA,NA,NA,NA,NA,NA,NA,NA,NA,NA,NA,NA,NA,"","","","","","","","",NA,NA,NA,NA,"",NA,NA,NA,NA,"",NA,NA,NA,NA,"",NA,NA,NA,NA,"",NA,NA,NA,NA,"",NA,NA,NA,NA,"",NA,NA,NA,NA,"",NA,NA,NA,NA,"",NA,NA,NA,NA,"",NA,NA,NA,NA,"",NA,NA,NA,NA,NA,NA,NA,NA,NA,NA,NA,NA,NA,NA,NA,NA,NA,NA,NA,NA,NA,NA,NA,NA,NA,NA,NA,NA,NA,NA,NA,NA,NA,NA,NA,NA,NA,NA,NA,NA,NA,NA,NA,NA,NA,NA,NA,NA,NA,NA,NA,NA,NA,NA,NA,NA,NA,NA,NA,NA,NA,NA,NA,NA,NA,NA,NA,NA,NA,NA,NA,NA,NA,NA,NA,NA,NA,NA,NA,NA,NA,NA,NA,NA,NA,NA,NA,NA,NA,NA,NA,NA,NA,NA,NA,NA,NA,NA,NA,NA,NA,NA,NA,NA,NA,NA,NA,NA,NA,NA,NA,NA,NA,NA,NA,NA,NA,NA,NA,NA,NA,NA,NA,NA,NA,NA,NA,NA,NA,NA,NA,NA,NA,NA,NA,NA,NA,NA,NA,NA,NA,NA,NA,NA,NA,NA,NA,NA,NA,NA,NA,NA,NA,NA,NA,NA,NA,NA,NA,NA,NA,NA,NA,NA,NA,NA,NA,NA,NA,NA,NA,NA,NA,NA,NA,NA,NA,NA,NA,NA,NA,NA,NA,NA,NA,NA,NA,NA,NA,NA,NA,NA,NA,NA,NA,NA,NA,NA,NA,NA,NA,NA,NA,NA,NA,NA,NA,NA,NA,NA,NA,NA,NA,NA,NA,NA,NA,NA,NA,NA,NA,NA,NA,NA,NA,NA,NA,"","","",NA,NA,NA,NA,NA,NA,NA,NA,NA,NA,NA,NA,NA,NA,NA,NA,NA,0,NA,NA
"8",16,7,2017-05-11 13:50:43,2017-05-11 14:21:45,0,"131.229.84.114",3,1861,0,2017-05-18 14:21:51,"R_3fC7fRaET5AQXUZ","","","","","","","anonymous","EN","","",NA,"",NA,"",NA,"",NA,"",NA,NA,NA,NA,NA,NA,NA,NA,NA,NA,NA,NA,NA,NA,NA,NA,NA,NA,NA,NA,NA,NA,NA,NA,NA,NA,"","","","","","","","",NA,NA,NA,NA,"",NA,NA,NA,NA,"",NA,NA,NA,NA,"",NA,NA,NA,NA,"",NA,NA,NA,NA,"",NA,NA,NA,NA,"",NA,NA,NA,NA,"",NA,NA,NA,NA,"",NA,NA,NA,NA,"",NA,NA,NA,NA,"",NA,NA,NA,NA,NA,NA,NA,NA,NA,NA,NA,NA,NA,NA,NA,NA,NA,NA,NA,NA,NA,NA,NA,NA,NA,NA,NA,NA,NA,NA,NA,NA,NA,NA,NA,NA,NA,NA,NA,NA,NA,NA,NA,NA,NA,NA,NA,NA,NA,NA,NA,NA,NA,NA,NA,NA,NA,NA,NA,NA,NA,NA,NA,NA,NA,NA,NA,NA,NA,NA,NA,NA,NA,NA,NA,NA,NA,NA,NA,NA,NA,NA,NA,NA,NA,NA,NA,NA,NA,NA,NA,NA,NA,NA,NA,NA,NA,NA,NA,NA,NA,NA,NA,NA,NA,NA,NA,NA,NA,NA,NA,NA,NA,NA,NA,NA,NA,NA,NA,NA,NA,NA,NA,NA,NA,NA,NA,NA,NA,NA,NA,NA,NA,NA,NA,NA,NA,NA,NA,NA,NA,NA,NA,NA,NA,NA,NA,NA,NA,NA,NA,NA,NA,NA,NA,NA,NA,NA,NA,NA,NA,NA,NA,NA,NA,NA,NA,NA,NA,NA,NA,NA,NA,NA,NA,NA,NA,NA,NA,NA,NA,NA,NA,NA,NA,NA,NA,NA,NA,NA,NA,NA,NA,NA,NA,NA,NA,NA,NA,NA,NA,NA,NA,NA,NA,NA,NA,NA,NA,NA,NA,NA,NA,NA,NA,NA,NA,NA,NA,NA,NA,NA,NA,NA,NA,NA,NA,"","","",NA,NA,NA,NA,NA,NA,NA,NA,NA,NA,NA,NA,NA,NA,NA,NA,NA,0,NA,NA
"9",36,12,2017-10-05 08:10:07,2017-10-05 10:04:18,0,"131.229.84.116",100,6851,1,2017-10-05 10:04:19,"R_3ee2qzjtU8gq4SZ","","","","","42.317901611328","-72.640197753906","anonymous","EN","18","2021",2,"",4,"",1,"",1,"",4,1,5,1,3,5,1,3,4,5,5,4,1,4,1,5,5,1,1,1,2,3,5,5,4,3,"that were on the flower","after learning so much content last minute","because she was feeling dizzy","multiple times"," for her family","for a day","last night","because it was very dark",6.309,6.309,31.009,1,"",15.106,15.106,31.01,1,"",4.547,4.547,31.007,1,"bee",0,0,31.005,0,"",14.327,14.327,31.104,1,"cookie",0,0,31.001,0,"",14.007,14.007,31.105,1,"",22.18,22.18,31.002,1,"happy",4.897,4.897,31.012,1,"",12.518,12.518,31.011,1,"trap",2,5,2,4,5,5,1,5,1,1,4,4,1,1,3,3,2,1,1,5,3,3,4,2,1,1,6,4,4,1,2,2,3,4,5,6,7,4,4,1,4,3,1,1,1,1,2,1,1,3,3,6,1,7,1,7,1,1,1,3,4,5,7,7,1,4,1,7,1,7,5,7,1,7,6,1,7,1,7,2,7,7,7,7,1,5,7,4,7,4,1,1,2,3,1,4,3,3,3,2,5,6,7,5,7,7,6,5,6,5,4,4,1,5,5,1,5,5,1,10,8,3,9,4,1,7,5,6,2,1,4,2,2,6,6,1,4,6,7,5,5,2,2,3,7,3,6,7,1,5,5,6,4,4,3,1,1,3,1,3,3,2,2,3,1,1,2,1,NA,NA,NA,NA,NA,NA,NA,NA,NA,NA,NA,NA,NA,NA,NA,1,1,2,4,1,6,5,4,4,2,1,4,3,1,1,1,6,2,5,1,6,4,4,2,4,1,2,3,2,4,5,2,1,5,1,4,2,3,3,3,3,2,4,2,"What college students think when interacting with other people","","-1",4,4,0,2,2,0,6.33333333333333,2.5,3,5.33333333333333,3,5,5,4.6,8,3,5,2,NA,NA
"10",37,12,2017-10-05 08:06:36,2017-10-05 09:54:46,0,"131.229.84.114",100,6489,1,2017-10-05 09:54:46,"R_1pEWofhJClY4Tab","","","","","42.317901611328","-72.640197753906","anonymous","EN","19","2020",2,"",4,"",1,"",1,"",4,2,4,1,1,3,1,3,2,NA,3,2,1,2,1,3,3,1,1,1,3,2,2,2,3,2,"furiously.","all night long.","from the supermarket.","silently.","for her family.","over the weekend.","until it fell asleep.","for his car.",3.55,3.55,31.013,1,"",8.538,8.538,31.011,1,"spider",3.069,3.069,31.011,1,"bee",3.473,3.473,31.011,1,"fire",1.159,1.159,31.004,1,"cookie",9.065,9.065,31.007,1,"cat",3.287,3.287,31.01,1,"",2.258,2.258,31.013,1,"party",2.481,2.481,31.008,1,"light",3.829,3.829,31.008,1,"cheese",4,1,4,1,1,4,1,3,3,NA,2,2,1,2,1,3,2,1,1,1,2,2,3,1,3,2,4,1,5,4,1,1,5,4,5,2,5,5,5,5,4,4,4,6,5,4,5,5,4,5,3,5,4,2,2,4,4,2,4,5,4,1,3,6,3,5,3,5,1,5,5,6,1,4,4,NA,6,1,4,4,6,7,5,5,2,6,5,6,6,4,4,3,1,2,2,3,2,2,2,5,2,6,1,7,6,7,5,2,5,5,4,5,2,5,5,4,4,5,1,2,8,5,9,6,3,10,4,1,7,1,4,4,6,7,7,5,3,5,3,4,5,5,4,5,6,4,5,6,5,5,2,6,5,7,2,6,5,5,5,7,4,6,2,6,2,4,3,2,NA,NA,NA,NA,NA,NA,NA,NA,NA,NA,NA,NA,NA,NA,NA,2,1,4,3,2,5,6,2,6,2,2,5,5,2,2,2,6,2,5,3,6,5,3,3,3,2,3,1,4,5,4,2,3,2,2,4,3,2,2,4,3,3,4,2,"forming relationships based on the way that personal experiences have made one feel","","-1",1.8,4.71428571428571,-2.91428571428571,4,4.85714285714286,-0.857142857142857,4.88888888888889,5,6,5,2,2,5,4.2,6,5,1,6,3.1875,3.83333333333333
"11",38,13,2017-10-05 10:43:10,2017-10-05 11:49:51,0,"131.229.84.114",100,4001,1,2017-10-05 11:49:52,"R_eFDpe38WupvMSUp","","","","","42.317901611328","-72.640197753906","anonymous","EN","18","2021",2,"",3,"",2,"",3,"",3,2,5,2,3,5,3,3,3,3,4,4,2,4,2,4,4,2,2,2,3,2,2,2,3,2,"with her hands.","last night.","from school.","outloud.","for her family.","this weekend.","this morning.","last week.",2.204,2.204,31.008,1,"Duck",1.881,1.881,31.014,1,"",1.428,1.428,31.012,1,"Bee",1.917,1.917,31.009,1,"Wood",1.738,1.738,31.014,1,"Candy",2.143,2.143,31.011,1,"Cat",0,0,31.003,0,"",7.188,7.188,31.005,1,"Party",2.69,2.69,31.002,1,"Race",13.355,13.355,31.011,1,"Trap",2,4,2,3,2,2,3,2,2,3,2,2,4,3,2,2,1,1,4,5,3,2,1,1,2,1,5,3,7,2,1,1,4,5,4,3,4,7,6,6,7,5,3,5,2,1,2,4,4,3,6,6,7,7,6,5,4,6,1,4,3,4,2,5,6,4,5,4,4,5,4,4,1,2,3,6,6,1,3,4,6,5,2,4,5,3,3,3,6,2,4,4,5,3,2,4,3,3,4,6,5,6,2,7,6,5,3,2,3,1,1,5,1,5,4,2,3,3,4,8,1,9,3,4,2,6,7,5,10,2,4,6,3,4,5,3,6,2,4,3,1,5,1,6,2,6,6,2,6,7,5,2,7,4,3,4,4,2,3,3,3,2,2,3,2,2,2,3,NA,NA,NA,NA,NA,NA,NA,NA,NA,NA,NA,NA,NA,NA,NA,1,1,5,1,1,6,6,1,1,1,1,1,6,1,1,1,1,6,3,1,5,5,3,4,2,4,4,4,3,1,3,3,2,4,3,2,3,2,1,3,2,4,1,2,"Self-esteem and self -confidence levels in college students (specifically women)","","-1",2.6,4.71428571428571,-2.11428571428571,3.4,4.42857142857143,-1.02857142857143,3.55555555555556,6,6,5.11111111111111,3,4,2,3.1,4.6,6.4,-1.8,4,3.0625,3.5
"12",39,13,2017-10-05 10:41:06,2017-10-05 11:59:33,0,"131.229.84.116",100,4706,1,2017-10-05 11:59:33,"R_1l5LFe22yZGL5pW","","","","","42.317901611328","-72.640197753906","anonymous","EN","18","2021",2,"",3,"",2,"",1,"",4,1,4,1,2,3,1,4,4,1,5,4,1,3,1,5,3,1,1,1,3,2,4,3,1,3,"because they were trying to eat her lunch.","because she had no time to study earlier in the week.","because she has trouble walking long distances.","everyday at breakfast.","for herself after a long day.","in order to buy her sister a present.","because the baby was hungry.","in his car because it was low.",3.933,3.933,31.013,1,"du",22.682,22.682,31.009,1,"",10.428,10.428,31.008,1,"Bee",3.376,3.376,31.009,1,"cigerettes",16.423,16.423,31.002,1,"",2.795,2.795,31.012,1,"Cat",2.244,2.244,31.005,1,"",2.381,2.381,31.008,1,"party",1.589,1.589,31.011,1,"Traffic",2.222,2.222,31.014,1,"chee",4,1,3,1,1,3,1,4,3,1,5,4,1,3,1,4,4,1,1,1,3,1,4,3,2,3,2,1,5,2,1,1,4,1,2,3,4,5,1,1,1,2,1,5,2,1,1,4,1,1,1,4,4,1,1,3,1,1,1,4,2,1,1,3,3,3,2,7,3,7,6,6,1,5,4,1,7,1,7,3,4,7,7,6,1,6,7,5,7,5,5,4,5,1,1,1,1,5,3,3,3,5,3,4,6,7,3,5,4,2,1,5,1,4,4,1,1,4,5,10,1,7,8,9,5,6,3,2,4,2,3,7,5,3,4,3,5,1,2,1,5,7,1,7,6,6,1,1,1,3,3,1,3,3,2,4,3,4,4,2,4,1,1,3,1,1,1,1,NA,NA,NA,NA,NA,NA,NA,NA,NA,NA,NA,NA,NA,NA,NA,2,1,5,1,1,5,6,1,1,1,1,NA,5,1,1,1,1,6,4,4,6,1,1,3,1,4,1,4,1,2,2,4,1,4,4,2,3,1,1,2,2,5,1,2,"I think this study was about how large a role physique plays in people's decision in romantic relationships.","","-1",1.6,3.28571428571429,-1.68571428571429,1.2,3,-1.8,5.66666666666667,1,3,4.11111111111111,3,5,1,3,5.4,5.6,-0.199999999999999,5,2.8125,2.83333333333333
"13",40,14,2017-10-05 12:01:16,2017-10-05 13:03:14,0,"131.229.84.114",100,3717,1,2017-10-05 13:03:14,"R_ZmIP7tJAFEyE78B","","","","","42.317901611328","-72.640197753906","anonymous","EN","19","2021",2,"",3,"",2,"",1,"",4,1,4,1,2,5,1,5,3,3,5,2,1,1,1,4,4,1,1,1,5,3,4,2,4,4,"in hopes they would leave her alone.","the previous night.","to avoid walking in the rain.","to find out who won the soccer game.","for him and his family.","for a few hours last Thursday.","after he got home from work.","of his car in the driveway.",3.275,3.275,31.003,1,"duck",2.234,2.234,31.01,1,"hole",4.22,4.86,31.002,2,"bee",5.56,5.56,31.106,1,"fire",6.234,6.234,31.01,1,"cookie",2.802,2.802,31.01,1,"cat",2.246,2.246,31.015,1,"work",3.148,3.148,31.004,1,"party",2.707,2.707,31.012,1,"",3.202,3.202,31.005,1,"cheese",5,1,5,1,2,5,1,5,3,2,5,5,1,2,1,4,4,1,1,1,5,5,3,3,3,4,3,3,6,3,1,1,6,5,5,5,5,6,1,1,1,2,2,5,4,2,2,4,4,4,2,4,5,1,4,6,6,6,1,6,7,4,1,7,7,6,3,6,2,7,7,7,1,7,6,5,7,1,6,1,5,5,7,7,1,7,7,7,7,5,4,4,5,3,1,2,1,2,2,1,6,6,1,6,7,6,4,1,4,5,1,5,1,4,5,1,5,5,1,10,1,5,2,9,6,8,4,3,7,2,7,6,6,2,2,5,6,2,1,1,1,3,1,4,2,1,2,6,1,2,2,6,5,2,3,3,4,2,1,2,2,1,1,1,1,2,1,1,NA,NA,NA,NA,NA,NA,NA,NA,NA,NA,NA,NA,NA,NA,NA,1,1,4,1,1,5,5,3,2,1,2,4,4,1,3,1,1,5,2,1,6,1,3,4,2,5,1,1,4,1,3,3,1,4,3,2,2,1,1,1,2,4,2,2,"Interactions between college students in terms of behaviors while getting to know each other and our feelings before and after the interaction.","No","-1",2.6,5.14285714285714,-2.54285714285714,2,4.28571428571429,-2.28571428571429,6.66666666666667,1,7,4.88888888888889,3,5,5,4.3,4.8,6.2,-1.4,7,3.1875,2.66666666666667
"14",41,14,2017-10-05 12:05:41,2017-10-05 13:06:49,0,"131.229.84.116",100,3668,1,2017-10-05 13:06:50,"R_2do127O03TRpIqF","","","","","42.317901611328","-72.640197753906","anonymous","EN","18","2021",2,"",2,"",1,"",1,"",3,1,4,1,2,4,1,4,3,4,3,2,1,2,1,3,4,1,1,1,4,3,3,3,1,3,"quickly.","she had the next day.","from the subway.","quietly.","for her family.","for three hours.","when it woke up from its nap.","in the car.",11.063,11.063,31.016,1,"duck",13.724,13.724,31.105,1,"",12.768,12.768,31.008,1,"bee",0,0,31.004,0,"",6.279,6.279,31.002,1,"cookie",0,0,31.014,0,"cat",28.841,28.841,31.004,1,"",2.715,2.715,31.008,1,"party",3.474,3.474,31.003,1,"drive",2.815,2.815,31.004,1,"",4,1,3,1,1,3,1,3,3,1,3,3,1,1,1,3,4,1,1,1,3,1,3,2,1,3,2,1,3,1,1,1,2,2,1,1,2,3,1,3,1,1,1,2,1,1,1,3,1,1,1,2,2,1,1,2,1,2,1,3,1,1,2,2,2,5,1,4,1,5,4,4,1,4,4,4,7,1,5,4,4,4,5,5,2,4,5,3,6,3,4,4,4,1,1,1,2,4,3,2,5,6,5,6,5,7,7,4,3,3,3,3,2,4,4,1,3,4,2,6,1,7,3,10,9,4,5,2,8,3,5,5,3,4,5,3,4,1,2,1,4,5,1,7,5,2,2,5,4,4,3,3,5,3,2,3,4,3,2,2,4,2,2,3,1,2,1,1,NA,NA,NA,NA,NA,NA,NA,NA,NA,NA,NA,NA,NA,NA,NA,2,1,2,1,1,3,6,1,3,2,1,4,4,1,1,1,3,2,2,2,6,2,1,3,2,3,1,2,3,2,2,3,1,4,4,2,4,1,1,2,2,3,1,2,"How relationships form between college students.","No.","-1",1.2,2,-0.8,1,1.71428571428571,-0.714285714285714,4.44444444444444,2,4,5.22222222222222,2,5,4,3.5,3.2,7.8,-4.6,5,3.25,3.66666666666667
"15",42,15,2017-10-05 13:13:16,2017-10-05 14:05:21,0,"131.229.84.116",100,3124,1,2017-10-05 14:05:22,"R_2rMU5LWKTdzPsNb","","","","","42.317901611328","-72.640197753906","anonymous","EN","18","2021",2,"",3,"",1,"",3,"",3,1,4,1,3,2,1,5,4,2,3,2,1,3,1,5,5,1,1,1,4,4,4,5,4,3,"with her newspaper.","three hours before the exam start time.","by calling her bestfriend Justin on her phone.","headline in utter disbelief.","for her and her seven cats.","the same night as her prom.","until the baby fell asleep in his arms.","of his pre-owned motorcycle.",1.756,18.82,31.016,3,"Duck",1.143,1.143,31.007,1,"Bugs Bunny",3.608,19.073,31.012,2,"Buzz",2.849,27.618,31.015,2,"Fire",1.41,1.41,31.009,1,"Cookie",2.874,2.874,31.014,1,"Cat",6.117,24.509,31.008,2,"Lion",0.805,0.805,31.014,1,"Anxious",0.939,0.939,31.008,1,"Light",2.054,2.054,31.007,1,"Trap",4,1,4,2,2,1,1,4,3,2,3,3,1,4,1,5,2,1,1,1,4,4,4,4,3,3,5,5,7,6,5,3,7,7,4,3,6,5,2,2,3,5,4,5,6,3,3,7,3,5,4,4,4,5,3,7,6,3,5,7,3,5,2,6,5,6,1,7,2,6,6,6,1,6,7,2,7,1,5,4,7,7,7,7,1,6,6,7,7,6,5,7,6,1,1,5,1,2,3,5,5,4,6,7,5,7,5,4,5,5,5,5,1,5,5,1,5,5,1,5,10,1,9,4,3,6,8,7,2,1,4,2,1,7,7,1,3,6,7,6,6,3,5,5,7,2,3,6,3,3,5,7,3,4,6,6,6,7,7,4,7,7,7,7,2,3,2,2,NA,NA,NA,NA,NA,NA,NA,NA,NA,NA,NA,NA,NA,NA,NA,1,1,3,1,1,3,5,1,1,1,4,1,1,1,1,2,1,3,4,1,5,1,3,5,1,3,1,2,4,4,5,5,3,3,4,4,3,2,2,3,2,4,2,2,"How strangers interact with one another for the first time.","In the recording I said ""Kelly and I"" which made it seem like I knew my interaction partner ahead of time. I just want to clarify that the girl Kelly walked into the computer room before the study and said hello to me and my interaction partner since she knew both of us from different classes, so in the interaction when I said ""Kelly"" I was referring to someone both my partner and I had just seen.","-1",4.2,6,-1.8,3.8,4.85714285714286,-1.05714285714286,6.44444444444444,2,4,5.33333333333333,3,5,5,4.8,7.4,3.6,3.8,5,3.1875,3.33333333333333
"16",43,15,2017-10-05 13:06:48,2017-10-05 14:07:12,0,"131.229.84.114",100,3624,1,2017-10-05 14:07:12,"R_2hHLIegYt1J7Mk1","","","","","42.317901611328","-72.640197753906","anonymous","EN","20 years","2021",2,"",3,"",2,"",3,"",1,4,1,1,4,2,2,3,3,4,4,1,1,1,4,1,1,2,1,5,5,3,2,1,1,1,"in frustration","while sitting on her bed","from the party","as she drank a cold latte","for her mom","for too long","by accident","in the truck",3.396,26.524,31.008,3,"duck",1.701,29.765,31.013,3,"foot",2.688,27.472,31.003,3,"bee",12.951,12.951,31.008,1,"fire",0,0,31.107,0,"",19.721,23.249,31.01,2,"",2.926,2.926,31.012,1,"",1.699,14.547,31.012,4,"party",3.973,3.973,31.012,1,"",0,0,31.004,0,"",3,1,1,1,1,3,1,4,1,2,4,2,1,1,3,2,3,1,1,3,1,4,1,1,1,1,3,3,6,3,2,2,5,5,6,2,5,6,1,1,3,4,4,6,2,4,5,5,2,2,3,6,4,3,2,2,1,1,1,6,7,2,2,5,2,4,1,6,3,6,5,4,1,5,5,2,5,1,5,2,4,4,6,5,1,5,6,5,7,1,3,4,3,1,1,1,1,4,1,5,7,6,1,5,7,5,1,2,3,5,5,1,1,3,5,2,4,5,1,4,3,2,6,8,1,5,7,9,10,1,6,3,3,2,1,3,3,3,1,2,1,3,1,6,5,3,3,1,3,3,4,4,3,6,4,6,5,3,4,5,6,4,3,4,2,3,2,2,NA,NA,NA,NA,NA,NA,NA,NA,NA,NA,NA,NA,NA,NA,NA,1,1,4,1,1,5,6,1,4,1,3,2,6,1,1,1,1,2,1,1,5,1,3,1,4,1,4,3,1,4,4,1,5,2,1,4,1,5,3,3,5,2,2,2,"I thought that the study was about relationships between college students and how they are developed.","","-1",2.4,5.14285714285714,-2.74285714285714,4,3.85714285714286,0.142857142857143,5.11111111111111,1,6,4.77777777777778,3,4,5,4,5.4,5.6,-0.199999999999999,5,3.8125,3.66666666666667
"17",46,17,2017-10-16 13:55:30,2017-10-16 14:47:11,0,"131.229.84.114",100,3101,1,2017-10-16 14:47:11,"R_2urMw7jeEQA7QnH","","","","","42.317901611328","-72.640197753906","anonymous","EN","19","2020",2,"",3,"",2,"",1,"",3,2,2,2,3,3,2,4,2,3,4,3,1,3,2,3,2,1,2,2,3,3,2,2,2,3,"violently","diligently","safely","thoroughly","rapidly","happily","calmly","fast",1.434,1.434,31.003,1,"duck",2.107,2.107,31.002,1,"foot",2.726,16.006,31.001,2,"bees",4.878,6.902,31.003,2,"fire",5.585,15.937,31.002,2,"cookie",3.425,6.073,31.005,2,"cat",3.756,29.092,31.002,2,"corn?",1.72,1.72,31.001,1,"party",2.998,20.597,31.002,2,"stoplight",2.003,2.003,31.002,1,"cheese",3,2,3,2,2,3,2,4,2,2,4,3,2,2,2,3,2,1,2,2,2,3,2,2,2,3,2,2,7,5,1,3,4,2,1,2,6,7,2,2,2,3,4,5,4,3,3,4,3,3,5,4,6,5,4,6,6,4,2,5,2,4,5,5,5,3,5,6,6,7,6,4,1,4,5,3,6,1,5,2,5,6,6,6,2,6,5,6,7,4,3,4,4,2,1,2,2,1,4,1,6,1,1,2,4,5,2,4,4,3,2,5,1,4,2,2,2,2,2,7,10,1,9,8,2,4,6,3,5,2,5,3,2,6,6,6,2,5,3,2,5,3,5,5,5,5,5,2,4,4,5,3,4,1,1,3,3,1,1,1,2,1,2,1,1,1,1,1,NA,NA,NA,NA,NA,NA,NA,NA,NA,NA,NA,NA,NA,NA,NA,1,1,6,1,1,6,6,1,2,1,2,1,5,1,1,1,1,6,1,1,6,1,3,1,3,1,1,3,1,4,3,1,2,2,2,4,2,2,4,3,3,2,3,1,"It was about self-perception and college interaction.","I had met my interaction partner once before this study because we were suppose to do it on a different day, but other than that I had never spoken with her.","-1",2,4.57142857142857,-2.57142857142857,3.6,4.14285714285714,-0.542857142857143,5.22222222222222,2,4,2.88888888888889,3,4,4,3.1,6.6,4.4,2.2,8,3.0625,3.66666666666667
"18",47,17,2017-10-16 13:58:23,2017-10-16 14:40:54,0,"144.121.36.210",100,2551,1,2017-10-16 14:40:55,"R_10w5oPaCZ8Iuav9","","","","","42.317901611328","-72.640197753906","anonymous","EN","18","2021",2,"",3,"",2,"",3,"",2,2,3,1,2,4,2,4,3,1,4,1,1,2,3,4,3,1,1,1,3,3,4,3,3,3,"angrily","quickly","correctly","slowly","happily","excitedly","carefully","messily",1.361,18.604,31.003,2,"duck",5.621,5.621,31.002,1,"spider",1.761,1.761,31.002,1,"bee",4.288,4.288,31.002,1,"fire",2.996,2.996,31.002,1,"cookies",2.256,2.256,31.002,1,"cat",2.608,2.608,31.002,1,"corn",8.045,8.045,31.001,1,"party",4.19,4.19,31.002,1,"stop",4.225,4.225,31.003,1,"wire",5,1,2,1,1,4,1,4,2,2,4,1,1,1,2,3,1,1,1,1,2,2,2,3,2,2,4,4,5,3,2,5,4,1,3,5,4,5,2,2,4,5,5,6,6,2,4,4,1,4,5,4,4,7,4,7,7,6,5,5,1,5,7,5,3,6,2,6,2,7,7,6,1,6,6,2,6,1,6,5,7,6,7,7,1,6,6,7,6,5,7,7,7,5,2,4,2,3,5,3,5,6,2,4,7,7,5,4,2,5,5,5,1,5,5,3,4,3,1,10,6,2,8,4,1,5,9,3,7,1,4,4,1,7,7,1,5,6,1,7,7,4,7,3,7,1,1,6,1,3,3,7,4,4,4,5,4,3,4,4,4,4,4,4,1,1,1,1,NA,NA,NA,NA,NA,NA,NA,NA,NA,NA,NA,NA,NA,NA,NA,1,1,3,4,4,1,6,1,4,1,3,1,5,4,2,4,4,2,1,3,6,2,4,2,5,3,1,1,4,5,5,4,2,3,3,5,4,2,2,1,1,3,2,1,"I think this was about how people view strangers when they first meet them and how they think the stranger views them.","No","-1",4,3.57142857142857,0.428571428571428,4.2,4.14285714285714,0.0571428571428569,6.44444444444444,2,4,4.77777777777778,3,3,5,4.3,6.4,4.6,1.8,7,3.3125,4.16666666666667
"19",49,18,2017-10-17 08:54:10,2017-10-17 10:56:32,0,"131.229.84.116",100,7341,1,2017-10-17 10:56:33,"R_1OuxqR6uM007c7O","","","","","42.317901611328","-72.640197753906","anonymous","EN","19","2020",2,"",3,"",1,"",5,"pansexual",2,1,2,2,3,4,2,3,4,4,4,3,1,1,2,4,2,1,1,1,5,4,3,1,1,3,"because she was irritated by them.","since she didn't study over the weekend.","because she didn't have a car.","for his own enjoyment.","for herself and her family.","because she needed money.","to stop it from crying.","because the oil level was low.",6.212,29.453,31.003,3,"duck",2.652,2.652,31.002,1,"",2.377,2.377,31.003,1,"bee",2.32,2.32,31.004,1,"fire",2.014,2.014,31.004,1,"cookie",1.196,26.308,31.003,2,"cat",1.372,1.372,31.004,1,"cor",2.049,2.049,31.003,1,"happy",2.711,2.711,31.003,1,"tra",2.567,2.567,31.112,1,"",2,5,1,4,3,3,2,2,1,3,2,2,4,2,3,1,1,1,1,5,4,3,1,1,1,1,4,2,7,5,3,3,1,5,5,4,6,5,1,2,1,5,2,5,5,2,3,1,7,3,4,7,3,5,2,7,4,1,1,3,7,3,4,5,2,6,2,6,2,7,5,6,1,5,3,3,7,1,5,4,5,5,6,6,2,6,7,6,6,3,5,5,3,1,1,1,1,4,2,4,7,6,6,6,6,7,6,1,2,4,2,3,1,3,4,1,3,5,2,5,1,9,7,2,6,4,10,3,8,4,3,6,3,3,4,4,5,5,2,1,2,2,4,5,5,3,2,5,2,5,3,5,3,3,4,4,3,3,3,3,4,4,3,3,1,3,1,2,NA,NA,NA,NA,NA,NA,NA,NA,NA,NA,NA,NA,NA,NA,NA,1,1,6,1,1,6,6,1,4,1,1,1,6,1,1,1,2,5,1,1,6,1,3,3,3,2,2,1,3,3,2,3,2,4,3,2,4,2,3,2,2,4,2,1,"not sure, but possibly how people respond to stressful questions in a varied environment","","-1",3.2,4.85714285714286,-1.65714285714286,3.2,4.42857142857143,-1.22857142857143,5.55555555555556,1.5,7,6.11111111111111,3,5,4,3.6,4,7,-3,5,3.125,3.16666666666667
"20",50,18,2017-10-17 08:52:48,2017-10-17 10:49:47,0,"131.229.84.114",100,7018,1,2017-10-17 10:49:47,"R_27KEmIQoHcVkseX","","","","","42.317901611328","-72.640197753906","anonymous","EN","18","2021",2,"",3,"",2,"",1,"",4,1,3,1,2,4,1,2,3,2,4,2,1,2,1,4,4,1,1,1,4,3,3,3,3,2,"to keep them away from her face.","even though she studied for a week.","after the baseball game.","every morning with breakfast.","after she finished her work.","every Wednesday night.","before he put the baby to sleep.","in his car.",1.404,12.604,31.011,2,"DUCK",2.65,2.65,31.008,1,"LEGS",1.781,1.781,31.012,1,"BEE",2.227,2.227,31.013,1,"FIRE",1.594,1.594,31.012,1,"COOKIE",2.13,2.13,31.006,1,"CAT",1.977,1.977,31.005,1,"ATHLETE",1.969,1.969,31.006,1,"PARTY",2.765,2.765,31.003,1,"RACE",1.69,1.69,31.01,1,"COMPUTER",5,1,4,1,2,3,1,1,3,1,5,1,1,2,1,3,4,1,1,1,4,3,3,3,3,2,2,1,6,4,1,1,1,7,4,2,7,4,2,1,2,2,2,5,4,2,2,4,7,5,3,7,5,2,2,7,4,1,1,3,7,3,3,7,5,4,3,7,2,7,7,7,1,7,7,2,7,1,4,3,5,5,6,6,2,4,5,6,7,5,4,4,4,1,1,1,2,3,2,5,5,5,4,4,6,6,5,4,5,4,2,4,2,3,3,1,3,4,2,2,1,8,6,9,5,3,7,4,10,1,5,5,1,5,5,2,5,4,4,3,2,2,2,5,5,2,2,5,3,2,2,5,2,1,1,4,3,2,2,2,2,2,1,1,1,1,2,1,NA,NA,NA,NA,NA,NA,NA,NA,NA,NA,NA,NA,NA,NA,NA,1,1,3,2,1,5,4,3,4,1,1,3,4,2,1,1,2,4,3,2,6,3,3,3,5,3,1,1,3,3,3,4,3,4,4,2,4,2,1,3,2,NA,1,2,"The way in which college students interact with each other.","","-1",1.4,4.71428571428571,-3.31428571428571,2.2,5.28571428571429,-3.08571428571429,6.44444444444444,1.5,4,4.88888888888889,2,5,4,3.4,3.2,7.8,-4.6,6,2.9375,2.66666666666667
"21",51,19,2017-10-17 15:57:32,2017-10-17 16:52:30,0,"131.229.84.116",100,3298,1,2017-10-17 16:52:31,"R_1dsjnwHvlfz5NMc","","","","","42.317901611328","-72.640197753906","anonymous","EN","18","2021",2,"",2,"",2,"",1,"",2,1,2,1,2,4,1,3,2,1,2,1,1,1,1,2,1,1,1,1,3,2,2,1,1,2,"that landed on her food","the day of the exam","from the library","twice each week","for her family","who also enjoyed her company","who seemed hungry","in his motorcycle",2.874,30.914,31.003,2,"",1.195,28.163,31.002,4,"",6.109,13.966,31.002,2,"bee",1.623,25.454,31.003,3,"fire",4.437,26.998,31.002,2,"cookie",2.803,29.467,31.002,2,"cat",8.577,8.577,31.002,1,"coach",9.276,17.588,31.002,2,"age",2.379,2.379,31.002,1,"light",3.806,25.957,31.001,3,"",4,1,2,1,1,4,1,3,2,1,2,2,1,1,1,2,3,1,1,1,2,1,3,1,1,1,5,1,4,4,3,1,4,3,5,1,4,1,2,2,2,5,2,5,4,4,1,2,4,2,2,4,1,3,1,4,3,1,1,2,2,2,1,2,1,4,1,4,1,4,3,2,1,3,3,1,4,1,4,5,5,5,5,6,1,5,5,7,7,5,4,4,4,1,1,1,1,4,4,1,6,4,1,1,7,7,1,1,4,5,1,4,1,5,5,1,5,5,1,5,3,2,8,10,1,7,6,9,4,3,7,7,NA,1,4,4,5,1,5,1,1,3,1,7,1,1,5,7,1,6,1,7,6,3,1,4,4,1,1,1,4,1,4,1,2,2,2,2,NA,NA,NA,NA,NA,NA,NA,NA,NA,NA,NA,NA,NA,NA,NA,5,1,2,1,1,3,6,1,4,1,1,6,6,4,2,1,3,1,6,5,6,4,1,2,4,2,1,1,3,2,1,2,1,4,3,1,4,1,2,2,1,3,1,2,"I think this study was about how relationships tend to make us feel and how the lack of or abundance of affect our perception of our self","","-1",2.2,3.57142857142857,-1.37142857142857,2.8,3.14285714285714,-0.342857142857143,3.77777777777778,2,7,3.88888888888889,3,5,5,4.3,6.4,4.6,1.8,4,3.5,3.83333333333333
"22",52,19,2017-10-17 16:00:43,2017-10-17 16:53:57,0,"131.229.84.114",100,3193,1,2017-10-17 16:53:57,"R_3fq6Wh8JaZI4A0X","","","","","42.317901611328","-72.640197753906","anonymous","EN","18","2021",2,"",3,"",2,"",1,"",4,1,1,1,1,5,1,4,3,1,5,4,1,3,1,4,2,1,1,1,1,1,3,2,1,2,"dismissively","anxiously",", hoping someone would help","comfortably","happily","for the night, playing video games with oldest child.","carefully","in his car every day.",1.201,25.655,31.002,3,"DUCK",1.239,2.519,31.002,2,"BASBEB",2.17,2.17,31.003,1,"BEE",2.184,2.184,31.001,1,"CAMPFIRE",3.512,3.512,31.001,1,"COOKIE",2.575,2.575,31.003,1,"cat",2.887,2.887,31.002,1,"stephen",2.456,2.456,31.005,1,"cake",6.562,26.498,31.004,2,"traffic lights",2.382,2.382,31.001,1,"trap",4,1,5,1,1,5,1,3,3,1,4,4,1,3,1,4,3,1,1,1,1,1,2,3,1,2,1,1,3,1,1,1,5,4,1,1,6,2,1,1,1,1,1,3,1,1,1,3,4,3,1,6,2,1,1,2,2,1,1,6,5,1,1,5,1,7,1,6,1,7,7,7,1,6,7,1,7,1,5,5,4,4,7,7,1,3,5,6,7,4,4,4,4,1,1,1,1,4,2,1,1,1,1,1,1,1,1,1,4,3,3,5,1,2,4,2,4,4,1,4,1,7,5,10,6,3,9,2,8,3,6,4,2,1,2,5,6,1,1,1,1,2,1,1,1,1,1,4,4,1,4,1,1,1,1,1,1,1,1,2,1,1,1,1,1,1,1,1,NA,NA,NA,NA,NA,NA,NA,NA,NA,NA,NA,NA,NA,NA,NA,1,1,3,1,1,3,6,1,2,1,1,4,4,1,1,1,1,1,1,1,5,3,3,3,2,4,1,1,4,1,2,3,1,4,4,1,3,1,1,2,1,4,3,2,"Mostly like we were told, that it is about college relations between students, and it could also be about one's mental health in college.","","-1",1,3.14285714285714,-2.14285714285714,1,3.14285714285714,-2.14285714285714,6.77777777777778,1,7,1.66666666666667,3,4,5,3.7,3,8,-5,4,3.125,3
"23",53,20,2017-10-19 11:13:25,2017-10-19 12:05:45,0,"131.229.84.116",100,3139,1,2017-10-19 12:05:46,"R_C2F15Crq432JJKx","","","","","42.317901611328","-72.640197753906","anonymous","EN","19","2020",2,"",3,"",1,"",2,"",3,3,5,2,1,3,3,3,3,2,5,2,1,1,1,3,3,1,1,3,1,2,1,1,3,3," with a flyswatter.","all night long.","from a friend.","while he ate breakfast.","with her room-mate.","over the weekend.","when she started to cry.","in his car.",2.087,25.802,31.003,2,"duck",1.916,1.916,31.002,1,"foot",2.558,2.558,31.001,1,"bee",1.529,1.529,31.003,1,"fire",2.858,2.858,31.001,1,"",3.453,3.453,31.001,1,"cat",1.803,1.803,31.005,1,"corn",2.682,2.682,31.001,1,"party",11.391,11.391,31.002,1,"stop",1.329,1.329,31.002,1,"cheese",3,3,3,3,1,3,1,2,4,1,4,1,1,1,1,3,2,1,1,5,1,1,1,1,2,2,6,1,7,1,1,2,4,1,1,7,7,3,1,1,5,5,4,7,1,1,4,4,2,1,7,7,4,4,3,4,1,2,2,4,3,1,4,7,5,2,5,3,7,6,5,4,1,4,2,2,5,1,6,4,6,3,6,6,4,6,4,4,5,2,5,4,5,1,1,1,1,4,3,7,5,6,2,3,4,6,5,1,1,2,3,5,2,2,3,1,3,4,2,8,5,9,6,4,1,10,3,2,7,2,7,5,2,5,5,3,7,1,5,1,1,2,5,7,1,4,1,1,4,3,5,2,1,2,2,4,3,2,2,2,4,2,3,2,2,1,2,2,NA,NA,NA,NA,NA,NA,NA,NA,NA,NA,NA,NA,NA,NA,NA,1,1,5,1,1,5,6,1,3,1,1,3,5,1,2,1,1,6,2,2,5,2,3,5,4,3,4,1,5,1,4,5,3,4,3,3,3,1,3,2,1,3,3,2,"It seems more related to self-confidence and comfort in a situation while being evaluated than it does to relationships","No","-1",3.4,3.42857142857143,-0.0285714285714285,4.2,3.71428571428571,0.485714285714286,4.22222222222222,1,7,5,2,5,4,3.3,6.2,4.8,1.4,8,NA,2.5
"24",54,20,2017-10-19 11:16:56,2017-10-19 12:21:37,0,"131.229.84.114",100,3881,1,2017-10-19 12:21:38,"R_rdsHKvFBDH7Wx9v","","","","","42.317901611328","-72.640197753906","anonymous","EN","19","2021",2,"",2,"",1,"",1,"",4,1,5,1,3,4,2,4,3,2,3,2,1,3,2,4,4,1,1,1,2,2,2,2,2,3,"and the flies flew away.",", regretting why she didn't start reviewing earlier.","because she got lost.","and found out the tragedy in Las Vegas","for herself."," because the kids' parents were not at home.",", and the baby fell asleep after being fed.","to the more healthy one.",0.868,0.868,31.014,1,"duck",1.487,1.487,31.002,1,"",2.359,2.359,31.003,1,"bee",2.119,2.119,31.007,1,"fire",2.47,2.47,31.005,1,"cookie",2.291,2.291,31.012,1,"",2.115,2.115,31.007,1,"man",4.809,4.809,31.01,1,"party",2.159,2.159,31.01,1,"",2.265,2.265,31.004,1,"",3,3,3,1,3,3,2,4,1,3,3,3,1,2,1,3,3,1,1,3,2,1,2,1,1,3,4,2,6,3,1,1,5,4,3,4,6,5,5,4,4,3,2,5,3,2,1,5,5,3,1,6,5,2,2,5,4,2,1,5,5,3,2,6,5,4,3,5,4,6,4,6,1,5,6,3,6,1,5,4,4,4,6,6,1,5,3,6,7,5,4,4,4,1,1,1,1,5,3,3,4,6,3,6,6,7,2,7,4,2,3,4,3,3,3,2,5,4,3,9,1,4,7,6,3,5,8,2,10,3,5,5,4,4,5,3,5,3,3,3,2,3,4,6,3,3,4,4,2,4,2,5,4,1,2,2,2,2,2,1,2,1,2,2,2,1,1,1,NA,NA,NA,NA,NA,NA,NA,NA,NA,NA,NA,NA,NA,NA,NA,2,1,3,3,4,5,6,3,2,2,3,2,4,2,3,2,2,2,2,2,4,3,4,3,3,3,3,3,2,2,3,2,2,3,3,3,2,3,2,3,2,2,4,2,"It was about self concept of one's body image","","-1",2.4,4.57142857142857,-2.17142857142857,1.8,4.57142857142857,-2.77142857142857,5.33333333333333,4.5,1,4.22222222222222,1,4,3,3.2,4.8,6.2,-1.4,5,NA,NA
"25",56,21,2017-10-19 12:59:35,2017-10-19 13:40:49,0,"131.229.84.116",100,2474,1,2017-10-19 13:40:50,"R_3qBVYN1ukA4TqF2","","","","","42.317901611328","-72.640197753906","anonymous","EN","18","2021",2,"",3,"",3,"it's complicated",1,"",4,2,4,1,3,3,1,4,4,4,3,1,1,2,1,4,4,1,1,1,4,4,4,4,4,4," for 20 minutes before going inside/","and was increasingly nervous about the impending exam.","from her appointment with the eye doctor.","until his coffee was ready.",", even though she could barely cook.","for 8 hours last night."," until the baby became sleepy.","on his tractor.",1.37,30.066,31.001,13,"duck",1.836,1.836,31.003,1,"foot",2.247,2.247,31.002,1,"bee",2.99,2.99,31.002,1,"burning",2.579,2.579,31.001,1,"cookie",1.584,1.584,31.002,1,"cat",2.704,2.704,31.002,1,"corn",1.669,1.669,31.002,1,"party",1.547,1.547,31.001,1,"light",1.684,1.684,31.002,1,"cheese",4,1,4,1,3,5,1,5,4,1,4,1,1,3,1,4,5,1,1,1,4,4,3,2,3,4,2,1,4,1,1,1,3,3,2,2,3,1,1,1,1,2,1,3,2,1,1,3,3,1,1,3,1,3,1,4,3,1,1,4,4,1,2,4,1,6,2,5,1,5,4,6,1,4,5,2,6,1,4,4,5,4,6,6,1,5,6,6,6,3,5,4,6,1,1,1,1,3,2,2,4,5,1,5,7,6,4,2,2,4,2,3,1,3,5,1,3,5,3,6,1,7,10,4,5,2,8,3,9,2,2,5,6,3,5,3,5,2,6,1,1,6,1,6,1,3,2,2,3,2,5,1,4,4,2,3,2,3,2,4,1,3,3,2,1,3,3,1,NA,NA,NA,NA,NA,NA,NA,NA,NA,NA,NA,NA,NA,NA,NA,1,1,4,1,1,6,6,1,2,1,1,1,5,2,1,1,1,5,4,1,6,4,4,4,3,3,1,1,1,2,3,1,2,4,3,4,2,2,1,1,3,3,3,2,"How quickly college students can form relationships based on how they feel about themselves","No","-1",1.4,2.42857142857143,-1.02857142857143,1.2,2.28571428571429,-1.08571428571429,5.22222222222222,1,6,4.44444444444444,3,5,3,3.6,4.4,6.6,-2.2,7,NA,2.5
"26",57,21,2017-10-19 12:57:54,2017-10-19 13:38:38,0,"131.229.84.114",100,2444,1,2017-10-19 13:38:39,"R_2wBtXjLtoqdeZzN","","","","","42.317901611328","-72.640197753906","anonymous","EN","19","2020",3,"",3,"",3,"kinda",2,"",2,3,3,1,4,4,4,2,2,4,2,2,2,3,4,2,2,1,1,2,2,1,2,1,2,2,"to get them away from her face.","to do well tomorrow.","because they were lost.","to know what happened yesterday.","for her family.","for money.","milk.","in his car.",1.894,13.79,31.007,5,"duck",1.821,1.821,31.004,1,"Fast",3.582,24.862,31.01,2,"Bee",1.952,11.36,31.003,3,"Fire",2.711,2.711,31.014,1,"Cookie",2.87,2.87,31.008,1,"Cat",3.716,3.716,31.007,1,"",1.812,1.812,31.006,1,"Party",7.708,7.708,31.011,1,"Light",5.14,5.14,31.008,1,"Trap",2,3,2,1,1,4,3,2,2,1,4,2,1,1,3,1,2,1,1,1,2,2,1,3,1,1,3,1,4,2,1,3,2,2,1,3,4,2,3,5,4,2,1,3,1,1,1,1,3,2,1,2,2,2,1,1,1,1,2,2,2,1,1,3,1,2,2,2,3,3,1,4,1,2,1,3,4,1,3,2,4,4,4,3,4,3,1,2,5,4,4,5,5,4,1,2,1,1,4,4,5,5,5,2,4,5,1,3,2,4,5,5,3,2,4,1,4,4,4,7,4,3,5,10,1,8,6,2,9,3,6,4,2,4,2,5,7,7,2,1,1,1,5,1,5,4,3,6,2,3,4,7,3,NA,NA,NA,NA,NA,NA,NA,NA,NA,NA,NA,NA,NA,NA,NA,NA,NA,NA,NA,NA,NA,NA,NA,NA,NA,NA,NA,NA,NA,NA,1,1,6,1,1,3,6,4,1,1,2,1,6,1,1,1,1,6,1,2,6,1,1,4,1,3,2,2,2,4,4,3,4,2,1,1,4,4,2,1,3,2,1,2,"Body Image?","Nah","",2.2,2.42857142857143,-0.228571428571428,1.2,2,-0.8,2.44444444444444,4,5,4,1,5,2,3.6,5.2,5.8,-0.6,6,3.125,3
"27",58,22,2017-10-24 16:02:24,2017-10-24 16:59:25,0,"144.121.36.211",100,3420,1,2017-10-24 16:59:25,"R_swbOl0EABFCaIyR","","","","","42.317901611328","-72.640197753906","anonymous","EN","22","2018",2,"",3,"",2,"",1,"",3,3,2,3,3,2,1,1,1,3,3,2,1,1,1,1,2,1,1,4,1,4,1,1,1,1,"in front of her face","scheduled for the following day","from a doctor's appointment","alone in her kitchen","for herself","so the parents could go to a movie","while his mother was at work","in his garage",2.751,2.751,31.002,1,"duck",2.48,2.48,31.001,1,"",2.19,2.19,31.003,1,"bee",3.232,3.232,31.004,1,"fire",1.6,1.6,31.002,1,"cookie",2.209,2.209,31.002,1,"cat",2.236,2.236,31.001,1,"",1.31,1.31,31.001,1,"party",1.866,1.866,31.002,1,"light",1.776,1.776,31.002,1,"",1,4,1,3,1,1,1,1,1,3,3,1,1,1,1,1,1,1,1,3,1,4,1,1,1,2,3,2,4,2,3,1,4,4,1,3,4,1,1,1,6,2,1,2,1,1,1,3,3,1,2,3,1,1,2,4,1,1,1,3,3,1,1,3,1,6,1,1,1,7,3,6,1,3,3,1,7,1,5,3,4,4,4,7,4,4,5,3,7,1,4,1,1,1,1,1,1,3,1,1,7,7,2,2,7,7,1,1,1,1,1,5,1,1,1,1,1,5,5,7,3,9,2,8,6,5,1,4,10,1,4,5,1,6,5,3,6,1,1,1,1,1,1,4,1,1,1,2,1,2,6,4,1,2,1,3,2,1,1,2,2,1,1,1,1,1,2,1,NA,NA,NA,NA,NA,NA,NA,NA,NA,NA,NA,NA,NA,NA,NA,1,1,6,1,1,3,6,1,1,1,1,1,6,1,1,1,1,6,1,5,6,1,1,1,1,1,1,2,2,1,2,1,4,1,2,3,1,5,2,3,4,1,1,1,"My perceptions of myself and my partner as we interact with each other.","No","-1",2.4,2.85714285714286,-0.457142857142857,1.4,2,-0.6,4.44444444444444,1,7,4.55555555555556,3,5,1,2.4,4.2,6.8,-2.6,6,3.0625,2.66666666666667
"28",59,22,2017-10-24 15:57:07,2017-10-24 16:56:42,0,"131.229.84.114",100,3574,1,2017-10-24 16:56:43,"R_2flXVdUuSu9Mh8y","","","","","42.317901611328","-72.640197753906","anonymous","EN","19","2021",2,"",2,"",2,"",1,"",5,1,5,1,1,5,1,5,4,1,5,3,1,3,1,2,1,1,1,1,5,2,5,5,1,2,"angrily.","biology","from the policeman for","loudly.","a scrumptious","green street","gently.","of my car.",2.662,2.662,31.003,1,"duck",1.907,1.907,31.002,1,"",2.03,2.03,31.002,1,"bee",2.201,2.201,31.001,1,"fire",3.228,3.228,31.002,1,"cookie",1.489,1.489,31.001,1,"cat",1.677,1.677,31.001,1,"dog",1.514,1.514,31.002,1,"gift",2.321,2.321,31.002,1,"bag",1.953,1.953,31.001,1,"trap",4,1,5,1,2,5,1,5,5,2,5,4,1,3,1,5,5,1,1,2,5,5,5,5,1,5,7,1,6,4,1,1,6,7,1,1,7,4,1,1,1,5,1,6,5,1,1,6,6,1,4,6,3,4,1,6,6,1,1,7,7,1,1,7,1,5,4,5,2,7,5,5,1,6,5,1,7,1,4,1,7,5,7,4,1,5,4,7,7,2,7,5,6,1,1,1,1,4,3,1,6,1,1,1,1,5,1,1,3,5,4,4,1,4,5,2,5,4,3,5,2,1,7,10,6,4,8,3,9,4,6,3,3,3,5,4,5,1,1,1,1,6,2,3,2,5,2,6,1,1,2,2,5,1,1,5,1,1,1,1,3,1,1,1,1,1,1,1,NA,NA,NA,NA,NA,NA,NA,NA,NA,NA,NA,NA,NA,NA,NA,5,3,3,4,4,5,4,5,6,6,5,6,2,4,5,1,2,4,4,2,5,5,1,3,2,4,1,2,2,2,2,3,1,4,5,1,4,1,1,1,3,3,1,2,"Relationships","I have never been on a date nor plan to so the questions regarding dating partners were confusing.","-1",2.2,5,-2.8,2.4,4.71428571428571,-2.31428571428571,5.44444444444444,1,7,2.66666666666667,3,4,3,4.1,4.2,6.8,-2.6,5,NA,NA
"29",60,23,2017-10-26 11:12:39,2017-10-26 11:59:48,0,"131.229.84.114",100,2828,1,2017-10-26 11:59:48,"R_2znWabTJDYKX6sj","","","","","42.317901611328","-72.640197753906","anonymous","EN","19","2021",2,"",1,"",1,"",2,"",3,1,3,2,1,2,2,2,5,1,3,2,1,4,2,3,3,4,1,1,4,5,5,4,5,5,"to get them out the house.","because she forgot to study three days in advance like she usually does.","because she was unaware of her surroundings.","even though he hated reading.","for her two lovely children.","so she can make some extra, money to go to the party on Saturday.","the milk.","on the car.",7.727,7.727,31.002,1,"",7.129,7.129,31.002,1,"",14.282,14.282,31.001,1,"bee",3.83,3.83,31.002,1,"",4.403,4.403,31.002,1,"candy",5.588,5.588,31.001,1,"cat",0,0,31.003,0,"",0,0,31.002,0,"",21.176,21.176,31.002,1,"light",0,0,31.001,0,"",3,1,4,1,2,2,2,4,5,1,3,3,1,4,1,3,3,4,1,1,4,5,5,5,5,5,2,1,3,4,1,1,2,5,1,6,5,1,1,1,1,3,1,5,4,1,1,3,5,2,4,5,3,4,1,4,5,1,1,5,5,3,5,4,3,4,2,4,1,5,4,5,1,4,4,1,5,1,1,7,5,5,7,4,1,5,1,4,5,4,4,4,4,1,1,1,1,5,1,4,7,7,7,6,1,7,7,3,3,5,5,5,1,5,5,1,5,5,1,5,2,3,6,9,8,1,10,4,7,5,4,7,7,2,7,3,5,1,4,1,3,5,1,6,1,1,1,4,2,4,2,7,3,3,5,4,5,4,3,2,2,2,3,3,2,2,2,2,NA,NA,NA,NA,NA,NA,NA,NA,NA,NA,NA,NA,NA,NA,NA,1,2,6,2,1,6,6,5,6,4,1,1,1,1,4,1,6,3,6,1,5,6,1,4,2,5,1,3,5,4,1,4,1,5,5,2,3,1,1,2,2,3,1,2,"","","-1",2.2,3,-0.8,2,3.85714285714286,-1.85714285714286,4.55555555555556,1,5,5.66666666666667,3,5,5,4.8,3.6,7.4,-3.8,2,3.5625,3.66666666666667
"30",61,23,2017-10-26 11:15:56,2017-10-26 12:08:52,0,"144.121.36.210",100,3176,1,2017-10-26 12:08:53,"R_2Ck0B3ahcP4HPmM","","","","","42.317901611328","-72.640197753906","anonymous","EN","19","2021",2,"",2,"",2,"",1,"",2,3,4,2,2,4,2,4,3,2,4,2,2,3,1,3,2,3,1,2,3,2,3,2,1,3,"as they buzzed through the room.","the night before the test.","because her car broke down.","to look for job openings.","for her family.","as she need some extra cash to pay for the concert tickets.","as there was no one else there to do it.","of his motorbike",5.209,5.209,31.003,1,"",7.795,7.795,31.003,1,"foot",14.472,14.472,31.002,1,"bee",22.598,22.598,31.002,1,"f",7.185,7.185,31.002,1,"cookies/cookie's",15.372,15.372,31.002,1,"tiny",24.915,24.915,31.003,1,"annoying",8.081,8.081,31.002,1,"",15.31,15.31,31.001,1,"cart/",14.74,14.74,31.002,1,"trap",3,3,4,2,2,3,3,4,2,2,3,2,1,2,2,3,1,2,2,3,4,2,2,2,2,2,1,1,3,2,1,1,1,3,1,1,3,3,1,1,4,1,1,3,1,1,1,3,3,1,2,3,3,1,1,4,1,1,1,3,4,1,2,3,3,5,1,3,1,5,5,5,1,3,5,1,5,1,3,3,6,6,6,6,2,5,4,5,6,4,4,4,4,1,1,1,1,4,3,3,4,6,4,4,6,5,4,4,4,4,4,4,1,2,4,1,4,2,1,2,1,7,5,9,6,3,10,4,8,4,6,5,3,4,2,3,6,2,2,2,4,5,2,5,2,2,2,4,2,4,5,4,2,2,2,3,2,2,2,2,2,2,2,2,1,1,1,2,NA,NA,NA,NA,NA,NA,NA,NA,NA,NA,NA,NA,NA,NA,NA,1,1,5,1,1,6,6,2,1,1,1,1,6,1,1,1,1,6,2,1,6,4,2,2,2,3,1,1,2,3,3,3,1,3,3,1,2,1,2,1,2,3,1,2,"relationships between college students","","-1",1,2.28571428571429,-1.28571428571429,1.2,2.42857142857143,-1.22857142857143,4.77777777777778,1,4,4.44444444444444,3,5,5,3.7,3,8,-5,3,3.3125,3
"31",65,24,2017-10-31 15:49:59,2017-10-31 17:01:10,0,"131.229.84.114",100,4270,1,2017-10-31 17:01:10,"R_1fg7pSfotsqr30m","","","","","42.317901611328","-72.640197753906","anonymous","EN","20","2020",2,"",2,"",2,"",1,"",5,1,4,1,1,5,1,3,3,3,2,3,1,2,1,3,3,1,1,1,1,3,1,2,2,1,"which were annoying.","which she did well.","in exchange for buying a lunch.","which was about sports.","for her family.","who are two and five year old.","who was crying.","which was running out.",1.492,1.492,31.004,1,"",1.798,1.798,31.002,1,"",8.447,8.447,31.002,1,"bee",10.682,10.682,31.002,1,"fire",19.446,19.446,31.002,1,"",0,0,31.003,0,"",27.636,27.636,31.001,1,"",2.822,2.822,31.001,1,"",2.172,2.172,31.001,1,"light",7.154,7.154,31.002,1,"",3,5,2,1,5,2,3,2,1,2,2,1,1,1,4,1,1,1,1,3,1,1,1,1,1,1,2,1,7,1,4,2,6,1,7,1,1,6,1,2,5,4,1,4,1,1,1,7,1,6,4,1,1,2,1,3,1,1,1,7,1,3,2,1,1,7,1,6,1,7,6,7,1,5,1,4,5,1,5,4,5,5,1,2,1,7,3,7,7,3,5,5,7,4,1,1,3,5,4,3,5,3,2,3,6,6,5,2,7,3,4,4,2,4,4,3,4,4,3,1,5,2,8,6,4,10,9,3,7,2,2,2,3,3,5,2,2,4,4,2,6,3,2,4,3,2,5,6,2,2,3,5,2,1,1,1,1,1,1,1,1,1,1,2,1,2,1,1,NA,NA,NA,NA,NA,NA,NA,NA,NA,NA,NA,NA,NA,NA,NA,2,1,5,4,3,4,3,5,2,4,3,1,3,3,3,4,2,3,2,3,2,3,1,2,1,2,1,2,3,4,4,2,2,3,2,2,3,2,2,3,2,3,2,1,"how people interact with people and how people think about their physical appearance when interacting with  people.","no","-1",2,4.14285714285714,-2.14285714285714,2.2,3,-0.8,4.66666666666667,1.5,6,4.33333333333333,2,3,3,3.5,5.4,5.6,-0.199999999999999,2,3.25,3.5
"32",66,24,2017-10-31 16:00:16,2017-10-31 17:07:14,0,"131.229.84.116",100,4017,1,2017-10-31 17:07:15,"R_10MgbE4B7dv7WEl","","","","","42.317901611328","-72.640197753906","anonymous","EN","19","2021",2,"",2,"",2,"",4,"",4,1,2,1,3,3,3,3,2,1,2,1,1,1,2,2,3,1,1,1,2,1,1,1,1,1,"quietly","for 3 nights in a row","in midnight","to find that there was an accident nearby"," for her family"," to earn extra money for her vacation","of his aunt this morning","to get prepared for the long trip",5.673,5.673,31.003,1,"",0,0,31.002,0,"",0,0,31.002,0,"",0,0,31.001,0,"",10.165,10.165,31.002,1,"cookie",0,0,31.002,0,"",0,0,31.001,0,"",4.712,4.712,31.002,1,"party",29.896,29.896,31.002,1,"",0,0,31.002,0,"",2,1,1,1,2,4,1,5,2,1,3,3,1,2,1,3,1,2,1,2,1,1,1,3,1,1,4,2,2,2,1,1,4,1,1,1,1,1,1,1,1,1,1,3,3,1,1,3,1,1,3,1,1,3,1,2,2,1,1,5,1,1,3,1,1,7,1,4,1,7,5,6,1,3,5,1,4,1,2,1,5,5,6,5,1,6,1,7,5,2,5,4,4,1,1,1,1,3,3,6,4,4,4,1,4,3,4,1,2,2,1,5,2,1,3,1,2,3,3,7,4,2,8,9,5,3,6,1,10,2,2,3,3,6,3,3,2,2,2,1,5,5,1,6,5,2,5,3,3,2,2,3,2,1,1,2,2,1,3,1,2,2,1,2,2,1,2,2,NA,NA,NA,NA,NA,NA,NA,NA,NA,NA,NA,NA,NA,NA,NA,2,2,4,2,4,4,5,2,2,2,3,2,1,4,4,4,2,3,3,3,3,3,2,1,1,1,1,4,2,3,2,4,2,4,3,3,1,2,2,1,1,1,3,1,"Since I knew the person, participating interaction and answering questions were awkwerd.","","-1",1.8,1.71428571428571,0.0857142857142859,1.4,1.85714285714286,-0.457142857142857,5.33333333333333,1,7,4.11111111111111,2,5,3,2.7,4.6,6.4,-1.8,2,NA,NA
"33",69,25,2017-11-07 15:52:51,2017-11-07 16:43:51,0,"131.229.84.116",100,3059,1,2017-11-07 16:43:52,"R_ThJLYFKH1jIdsBP","","","","","42.317901611328","-72.640197753906","anonymous","EN","18","2021",2,"",2,"",1,"",1,"",3,1,4,1,2,5,1,4,5,1,4,4,1,4,1,5,5,1,1,1,3,4,4,5,5,4,"of henry viii","psychology","from a stranger","on sofa","of traditional stle","to get payed","by himself"," of his car",2.571,2.571,31.003,1,"duck",1.656,20.167,31.002,4,"",4.65,6.33,31.002,3,"bee",3.403,30.507,31.001,4,"fire",1.401,29.865,31.001,2,"cookie",2.218,2.218,31.002,1,"",15.807,15.807,31.001,1,"dom",16.329,16.329,31.004,1,"cake",10.723,10.723,31.001,1,"pool",11.108,11.108,31.002,1,"tooth",3,1,5,2,1,5,1,4,4,1,4,4,2,5,2,5,4,1,1,2,4,4,5,5,4,4,3,1,7,6,3,1,1,7,6,1,7,2,2,2,2,4,3,6,7,4,1,4,7,6,3,7,1,5,4,6,7,3,1,1,7,6,1,7,1,6,1,7,1,6,6,7,1,6,6,1,6,1,5,5,6,3,7,6,2,6,5,6,7,6,7,7,6,5,1,1,1,4,3,6,5,1,5,6,5,6,7,2,5,5,5,5,1,4,5,1,5,5,1,4,2,7,8,9,1,3,10,6,5,5,4,6,2,3,6,2,6,6,2,4,5,6,2,6,2,2,2,6,5,2,2,2,2,2,2,5,2,5,2,2,5,2,2,2,1,1,1,1,NA,NA,NA,NA,NA,NA,NA,NA,NA,NA,NA,NA,NA,NA,NA,1,1,1,1,1,6,6,3,5,1,3,2,6,2,1,2,1,5,5,1,2,2,5,5,4,5,1,3,5,4,4,5,1,5,5,4,5,1,2,4,1,5,4,2,"Women's feelings about themselves... Or how conscious women are","Nope","-1",1.8,5.14285714285714,-3.34285714285714,3,5.42857142857143,-2.42857142857143,6.33333333333333,2,6,5.22222222222222,3,5,5,4.7,4.6,6.4,-1.8,4,NA,3.16666666666667
"34",70,25,2017-11-07 15:55:31,2017-11-07 16:51:05,0,"131.229.84.114",100,3333,1,2017-11-07 16:51:06,"R_28UjlnrKENsUEvb","","","","","42.317901611328","-72.640197753906","anonymous","EN","19","2021",2,"",2,"",2,"",1,"",4,3,5,1,3,4,3,4,3,4,4,3,1,3,3,3,3,1,1,3,1,3,3,2,2,4,"angrily","so she is upset","because she was lost","in the morning","every day","and she was excited","and he messed up","but he didn't know why",1.473,1.473,31.003,1,"",2.923,2.923,31.002,1,"",3.002,3.002,31.003,1,"bee",7.051,7.051,31.001,1,"fire",2.587,2.587,31.003,1,"cookie",3.926,3.926,31.002,1,"",2.075,2.075,31.002,1,"",2.869,2.869,31.002,1,"",2.428,2.428,31.002,1,"light",2.226,2.226,31.003,1,"",3,3,4,1,4,3,3,3,3,3,3,2,1,2,3,3,2,1,1,3,2,3,3,2,1,2,3,1,6,4,1,2,4,3,4,2,6,3,1,2,1,2,2,4,2,1,1,3,4,2,2,6,4,3,2,6,3,1,1,3,2,5,3,6,1,5,1,5,2,6,5,6,1,5,1,6,7,2,5,2,5,5,2,2,2,5,2,4,6,5,4,3,3,1,1,1,3,3,2,2,5,5,2,2,4,5,3,4,4,3,2,4,1,2,2,2,3,3,1,2,1,6,7,9,4,5,10,3,8,5,5,5,3,2,3,5,5,2,3,2,2,6,2,5,4,3,2,6,3,3,3,2,4,2,2,2,3,2,2,2,2,2,2,4,2,2,2,2,NA,NA,NA,NA,NA,NA,NA,NA,NA,NA,NA,NA,NA,NA,NA,2,4,5,4,3,5,6,3,2,3,2,2,2,3,4,4,2,3,2,2,4,2,3,3,3,4,3,3,4,1,3,3,1,3,3,1,3,3,2,2,2,2,2,1,"How people think of themselves, especially their bodies, when interacting with others.","","-1",1.8,4.28571428571429,-2.48571428571429,1.6,3.57142857142857,-1.97142857142857,4.11111111111111,1.5,4,3.55555555555556,3,4,5,3.1,3.6,7.4,-3.8,3,3.5625,3.83333333333333
"35",71,26,2017-11-09 11:00:33,2017-11-09 11:49:35,0,"131.229.84.116",100,2941,1,2017-11-09 11:49:35,"R_10rpWTCcblrYYnM","","","","","42.317901611328","-72.640197753906","anonymous","EN","18","2021",2,"",3,"",1,"",3,"",4,1,4,1,2,4,1,4,3,2,4,2,1,2,1,4,3,1,1,2,4,2,2,3,4,3,"on the walls madly","anxiously","from a cashier in a convenience store","while sipping his coffee","after a long day at work","and made sure they went to bed early","lovingly","with ease",8.019,8.019,31.001,1,"duck",2.063,2.063,31.002,1,"",2.138,2.138,31.003,1,"Bee",1.707,1.707,31.002,1,"",6.651,10.611,31.002,2,"Cookie",2.037,30.894,31.002,2,"Cat",2.922,2.922,31.003,1,"",1.348,9.901,31.003,2,"Party",1.765,1.765,31.001,1,"",2.624,17.399,31.002,2,"Cheese",4,1,3,1,2,5,1,5,3,2,4,2,1,4,1,4,3,1,1,1,4,3,3,2,3,3,3,1,6,5,1,2,5,6,7,3,7,3,1,1,1,3,2,5,5,2,1,5,3,6,3,6,2,3,1,5,5,1,2,5,3,6,3,4,4,4,4,6,2,7,3,6,1,5,6,2,7,1,5,3,4,4,7,7,1,6,6,7,7,5,4,4,4,1,1,2,2,4,2,3,7,5,2,6,7,7,2,2,5,3,2,4,2,4,3,1,3,4,3,9,1,5,7,4,3,6,10,2,8,2,4,2,3,6,6,3,5,6,5,4,7,3,5,4,4,1,3,3,2,2,2,4,3,2,5,6,4,4,2,1,5,1,4,1,1,1,1,1,NA,NA,NA,NA,NA,NA,NA,NA,NA,NA,NA,NA,NA,NA,NA,1,2,5,3,4,5,6,4,1,1,1,1,5,4,1,3,1,5,4,1,5,4,3,4,4,3,1,2,3,5,3,3,4,3,2,2,4,1,2,3,2,3,1,2,"How students form relationships in college, and how those relationships affect their images of themselves.","","-1",2,5.57142857142857,-3.57142857142857,2.2,4.57142857142857,-2.37142857142857,5.66666666666667,1,6,5,2,5,3,3.3,5,6,-1,6,2.75,2.5
"36",72,26,2017-11-09 10:59:10,2017-11-09 11:43:41,0,"131.229.84.114",100,2670,1,2017-11-09 11:43:41,"R_AHig3ZWlu8nixAR","","","","","42.317901611328","-72.640197753906","anonymous","EN","18","2021",2,"",3,"",1,"",1,"",3,2,3,2,3,3,4,3,3,2,4,1,1,2,4,3,3,1,3,2,2,4,3,4,2,2," to get them out of her face.","so she could get an A.","because she did not know the area well."," on the toilet.","for her family.","so she could earn money.","because his wife was sleeping."," in his car.",2.548,2.548,31.006,1,"duck",17.661,17.661,31.002,1,"foot",6.429,6.429,31.004,1,"bee",0,0,31.002,0,"",8.8,8.8,31.001,1,"cookie",5.971,5.971,31.002,1,"cat",12.937,12.937,31.002,1,"",5.165,5.165,31.001,1,"party",2.559,2.559,31.005,1,"ride",25.958,25.958,31.001,1,"teeth",3,3,2,2,2,4,4,4,2,2,4,4,1,2,4,2,3,1,2,3,3,2,2,2,2,2,3,1,3,2,1,1,2,5,3,5,6,5,1,1,1,4,2,3,3,3,3,4,4,3,5,5,5,2,2,4,3,1,1,4,5,2,4,6,4,3,6,4,6,5,5,5,2,2,4,3,5,1,2,4,6,3,3,4,5,5,2,3,5,3,5,6,6,2,2,2,2,2,5,1,5,5,1,5,2,6,3,3,3,3,4,4,2,4,4,4,2,4,1,5,10,9,3,6,1,8,2,4,7,2,4,2,1,7,6,1,2,5,6,4,5,2,5,3,4,3,2,6,2,2,2,6,3,5,2,5,5,6,3,5,5,5,5,5,3,4,4,5,NA,NA,NA,NA,NA,NA,NA,NA,NA,NA,NA,NA,NA,NA,NA,2,2,3,2,3,5,6,4,2,2,3,3,2,2,4,4,5,5,5,5,6,4,2,1,4,2,3,1,2,4,3,1,4,2,2,5,2,3,4,4,2,2,5,2,"How people act (body language, conversations) with someone they just meet and see how that reflects on themselves.","no","-1",2.2,3.71428571428571,-1.51428571428571,3.4,3.85714285714286,-0.457142857142857,3.88888888888889,1,5,3.66666666666667,2,2,5,3.4,6,5,1,6,NA,3.16666666666667
"37",73,27,2017-11-09 12:06:16,2017-11-09 12:58:03,0,"131.229.84.116",100,3107,1,2017-11-09 12:58:03,"R_u9OvHx7l4LT6LId","","","","","42.317901611328","-72.640197753906","anonymous","EN","19","2020",2,"",3,"",1,"",5,"Queer",5,2,3,1,2,4,2,4,2,3,4,2,1,2,2,3,3,1,1,1,2,2,2,2,1,3,"with a newspaper.",", hoping it would help raise her grade.","from the party.","and drank their coffee.","for her housemates.","on Friday.","and swayed back and forth.","in his car.",2.482,12.882,31.003,4,"duck",3.678,3.678,31.002,1,"",2.562,2.562,31.002,1,"Bee",2.777,2.777,31.002,1,"",2.898,2.898,31.001,1,"cookie",6.453,6.453,31.001,1,"cat",4.733,4.733,31.001,1,"",2.179,2.179,31.002,1,"party",2.507,2.507,31.002,1,"light",4.593,4.593,31.002,1,"",5,1,3,1,1,4,1,3,4,1,3,3,1,3,2,3,4,1,1,1,3,1,2,3,1,3,4,2,6,5,5,1,2,6,1,3,6,5,2,1,2,5,2,5,5,2,2,1,4,1,4,5,5,3,4,5,5,4,3,1,6,1,1,6,3,6,2,5,3,7,6,6,1,6,5,3,4,1,5,3,3,5,4,6,1,6,7,6,6,5,3,4,5,1,1,1,2,3,4,2,6,7,6,7,6,6,5,2,4,4,2,5,2,3,4,2,3,4,2,9,8,7,4,6,1,5,2,3,10,2,4,5,1,6,5,2,5,6,3,3,6,1,6,2,5,3,2,2,2,5,6,3,1,5,5,4,5,3,4,5,3,2,3,4,2,4,3,3,NA,NA,NA,NA,NA,NA,NA,NA,NA,NA,NA,NA,NA,NA,NA,1,1,6,1,1,6,5,1,1,1,1,1,6,1,1,1,2,6,3,1,6,2,2,3,4,3,1,1,1,2,3,3,1,3,3,2,3,1,2,2,3,3,1,2,"college relationship building, style, and objectification",":)","-1",3,4.42857142857143,-1.42857142857143,3,3.71428571428571,-0.714285714285714,5.66666666666667,1.5,6,5.66666666666667,2,4,4,3.5,5.8,5.2,0.6,5,2.75,2.66666666666667
"38",74,27,2017-11-09 12:03:29,2017-11-09 12:51:37,0,"131.229.84.114",100,2887,1,2017-11-09 12:51:37,"R_1gdyTQFpTdZ31ln","","","","","42.317901611328","-72.640197753906","anonymous","EN","20","2019",2,"",1,"",1,"",3,"",3,2,2,1,4,1,4,5,3,3,4,2,2,3,3,3,2,3,1,4,2,4,3,2,2,4,"that appeared when she picked up a fruit.","and passed with the score of a B.",",and got home safely.","and took interest in an article about shelter dogs.","but realized she forgot an ingredient so she had to compromise.","and had a great time.","and the baby stopped crying.","but the engine light was still on.",6.553,27.832,31.001,5,"Duck",0.737,0.737,31.001,1,"Tortoise",2.639,24.703,31.003,2,"Bee",2.314,7.562,31.002,4,"Wildfire",9.341,9.341,31.001,1,"",4.14,10.469,31.001,2,"Cat",5.35,15.891,31.002,5,"Giant",3.027,9.042,31.001,2,"Party",2.344,23.495,31.003,6,"Yellow",3.215,11.35,31.004,2,"Trap",4,2,4,1,2,4,2,5,4,2,4,5,1,4,2,4,5,1,1,1,4,3,4,5,4,4,4,1,6,6,3,1,6,4,6,6,6,6,3,2,5,1,1,4,7,1,1,7,6,5,4,6,6,5,5,6,6,1,3,6,6,5,4,7,7,6,3,6,3,6,6,6,2,6,3,2,5,2,6,6,6,4,6,6,1,6,6,7,7,5,6,2,1,1,1,1,3,5,1,6,4,6,3,6,5,6,3,3,5,5,1,5,2,5,5,1,4,5,5,NA,NA,NA,NA,NA,NA,NA,NA,NA,NA,5,7,6,2,3,1,3,5,1,1,1,1,5,1,7,1,2,5,7,2,3,6,3,5,7,2,7,7,7,7,7,7,7,6,7,5,5,5,5,NA,NA,NA,NA,NA,NA,NA,NA,NA,NA,NA,NA,NA,NA,NA,1,1,2,1,1,4,6,1,5,1,2,6,1,1,3,1,6,2,3,2,6,2,4,5,5,5,3,2,5,1,1,2,4,2,5,2,2,2,3,4,4,4,2,2,"I think this study was about interactions between college students and the potentials we can see from strangers. Based on the information given the questions on how we are feeling, our performance, our self awareness and how we view the ""differences"" between men and women have an effect on how we  interact with our peers.","This was fun","-1",3,5.71428571428571,-2.71428571428571,1.6,5.85714285714286,-4.25714285714286,5.66666666666667,2.5,5,4.88888888888889,2,5,1,3.8,NA,NA,NA,4,3,3.16666666666667
"39",75,28,2017-11-09 13:01:11,2017-11-09 14:00:25,0,"131.229.84.116",100,3554,1,2017-11-09 14:00:26,"R_3MANx0K8yMO5ahC","","","","","42.317901611328","-72.640197753906","anonymous","EN","18","2021",2,"",1,"",1,"",1,"",4,1,3,1,3,4,2,4,2,2,3,2,1,3,1,4,4,1,1,1,4,4,3,3,2,2,"because they frustrated her.","because she was unsure of the material.","because she wasn't feeling well.","at breakfast every morning.","for herself after work.","after school.","attentively.","in his car.",4.957,20.461,31.003,3,"DUCK",8.644,8.644,31.002,1,"foot",5.853,5.853,31.002,1,"bee",2.567,2.567,31.001,1,"fire",2.229,2.229,31.002,1,"cookie",2.654,2.654,31.002,1,"cat",3.387,3.387,31.003,1,"",1.485,1.485,31.002,1,"party",2.043,2.043,31.001,1,"",1.573,1.573,31.001,1,"",4,1,4,1,1,4,1,4,3,1,4,3,1,4,1,4,4,1,1,1,4,3,3,3,3,3,5,5,7,7,3,4,7,7,6,3,7,7,1,3,4,3,2,6,6,2,3,6,6,5,2,6,6,7,6,6,7,4,2,6,7,7,6,7,7,7,1,7,1,7,7,7,1,7,7,1,7,1,6,4,7,7,7,7,1,7,7,7,7,6,4,4,4,4,2,2,2,3,3,5,7,7,5,3,7,7,4,4,5,5,2,5,1,3,5,1,5,5,2,9,4,8,5,2,1,3,10,7,6,1,4,3,1,5,5,1,4,3,3,1,1,4,1,6,5,1,1,6,2,3,2,1,1,4,1,5,4,4,2,4,4,2,4,2,2,1,2,1,NA,NA,NA,NA,NA,NA,NA,NA,NA,NA,NA,NA,NA,NA,NA,1,1,2,1,1,6,6,1,1,1,3,1,6,1,1,4,1,6,5,3,6,1,3,2,5,3,1,1,3,1,4,2,2,2,3,5,3,3,4,5,2,3,5,2,"The interactions that take place in forming a relationship","N/A","-1",4,6.85714285714286,-2.85714285714286,2.4,5.85714285714286,-3.45714285714286,7,2,4,5.44444444444444,3,5,4,4.2,5.6,5.4,0.199999999999999,7,2.6875,2
"40",76,28,2017-11-09 12:56:57,2017-11-09 14:03:39,0,"131.229.84.114",100,4001,1,2017-11-09 14:03:39,"R_2fiy6NkLlTXtlyn","","","","","42.317901611328","-72.640197753906","anonymous","EN","19","2021",2,"",4,"",2,"",1,"",4,1,4,1,2,4,1,4,4,3,3,4,1,4,1,4,4,1,1,1,1,4,4,4,2,4,"and fell.","and felt tired.","and got lost.","during the morning.","for her little sister.","during the evening.","with warm milk.","of the car's engine.",6.432,29.944,31.003,5,"",4.774,29.326,31.002,3,"",1.1,27.589,31.001,4,"",13.458,13.458,31.002,1,"",3.505,30.441,31.002,3,"",1.827,29.067,31.002,6,"",1.338,29.674,31.002,3,"",2.246,22.304,31.002,3,"years",0.991,24.023,31.002,5,"",0.796,23.051,31.002,5,"",2,1,3,1,2,3,1,3,3,2,3,4,1,3,1,4,3,1,1,1,2,3,3,4,2,3,1,1,5,1,1,1,4,6,1,1,6,2,1,1,5,1,1,3,1,1,1,5,5,5,1,5,2,2,1,2,1,1,1,5,5,2,1,4,1,3,2,3,2,4,4,3,1,4,3,3,4,1,4,1,4,5,4,5,1,6,2,6,5,3,2,4,2,1,1,1,1,4,4,3,6,6,6,6,7,7,4,1,3,5,5,5,1,4,4,1,5,5,1,3,1,7,4,9,6,2,5,8,10,5,6,6,2,3,3,3,6,1,1,1,1,6,1,7,1,4,1,4,2,4,2,4,6,4,1,2,2,2,1,3,2,2,3,2,1,1,2,1,NA,NA,NA,NA,NA,NA,NA,NA,NA,NA,NA,NA,NA,NA,NA,1,4,6,2,1,4,6,1,1,1,1,1,6,1,1,2,1,NA,1,1,6,4,3,4,1,5,1,4,3,1,3,4,1,4,4,1,2,1,2,1,2,4,3,2,"College Relationships","No. Thank you!","-1",1,3.57142857142857,-2.57142857142857,1,3.71428571428571,-2.71428571428571,3.66666666666667,1,7,5.77777777777778,3,5,5,4.6,3.6,7.4,-3.8,0,3.4375,3.83333333333333
"41",77,29,2017-11-28 08:27:17,2017-11-28 09:52:41,0,"131.229.84.116",100,5124,1,2017-11-28 09:52:42,"R_2fGNzVMkbhPjNlo","","","","","42.325103759766","-72.64119720459","anonymous","EN","18","2021",2,"",3,"",2,"",1,"",4,1,3,1,3,4,1,3,3,3,4,3,1,2,1,2,4,1,1,1,4,3,3,2,2,3,"that were swarming over her cake.","that she had in an hour.",", as she didn't recognize her surroundings.","as Helen, next to him, crammed for her upcoming test.",", and she hoped she would have time to finish before her friends arrived.",", though she had sworn she never would again.","because he did not have boobs of his own.","in his brother's car.",1.453,1.453,31.006,1,"",3,3,31.009,1,"luc",5.433,20.272,31.007,2,"",6.532,19.052,31.005,2,"",2.787,2.787,31.008,1,"cookie",2.656,2.656,31.007,1,"cat",1.837,1.837,31.008,1,"",1.537,1.537,31.007,1,"party",1.388,1.388,31.006,1,"light",1.909,1.909,31.005,1,"cheese",2,3,2,4,1,2,1,3,2,1,2,3,3,2,1,3,1,1,3,4,3,3,2,2,1,2,2,1,7,5,1,2,6,6,1,2,6,1,1,1,2,2,1,6,5,1,5,6,6,2,2,6,2,2,1,7,5,2,4,6,6,1,2,6,3,3,2,5,4,7,5,3,1,3,4,3,6,1,3,3,7,5,5,4,2,5,5,5,5,2,7,7,7,1,1,1,1,4,2,2,6,6,1,1,7,4,1,1,3,3,4,4,3,4,3,4,3,2,3,6,1,4,9,5,2,7,10,8,3,3,3,4,4,5,6,3,3,3,5,3,5,3,3,6,3,5,5,3,4,5,5,5,4,1,1,2,2,1,2,2,2,1,1,1,1,1,1,2,NA,NA,NA,NA,NA,NA,NA,NA,NA,NA,NA,NA,NA,NA,NA,2,1,5,3,4,5,6,1,3,3,3,3,5,4,3,4,3,5,2,2,6,2,3,3,4,2,1,1,3,3,2,3,2,4,2,2,3,2,2,2,3,3,3,2,"I think this study was looking at how self perceptions changed after a certain interaction and different tests of varying degrees of difficulty.","I hated the thing where you had to fill in the forth word; was I supposed to just wait until the 30 seconds were up? Was the answer I had typed submitted? I know I did the first half wrong because I didn't understand what was happening. If that was your goal, congrats! If not, definitely give clearer directions!","-1",1.6,4.57142857142857,-2.97142857142857,2.2,4.71428571428571,-2.51428571428571,4.33333333333333,1,7,3.88888888888889,1,2,3,2.9,6.2,4.8,1.4,4,2.8125,2.33333333333333
"42",78,29,2017-11-28 08:28:12,2017-11-28 09:48:38,0,"131.229.84.114",100,4825,1,2017-11-28 09:48:38,"R_3J4VlcCBPIaQ18A","","","","","42.325103759766","-72.64119720459","anonymous","EN","20","2019",5,"Nonbinary",3,"",2,"",5,"Demisexual",2,1,2,1,3,4,1,5,3,2,5,1,1,2,2,4,1,1,1,1,3,1,2,2,1,2,"buzzing around her head.","she had tomorrow.","from her friend at the party.","every morning.","every night for her family.","on every other Tuesday.","carefully.","routinely.",1.008,19.976,31.008,4,"duck",1.587,1.587,31.015,1,"foot",1.884,1.884,31.015,1,"bee",2.672,2.672,31.003,1,"fire",8.139,8.139,31.012,1,"cookie",3.734,5.358,31.012,2,"cat",2.776,2.776,31.013,1,"",4.152,4.152,31.014,1,"party",3.031,3.031,31.01,1,"light",0,0,31.008,0,"",2,1,2,1,2,4,1,5,4,1,5,1,1,2,1,4,3,1,1,1,4,2,4,3,1,1,3,1,6,5,1,1,6,6,3,2,6,5,2,1,4,2,1,5,4,1,2,5,4,2,3,6,4,2,1,5,5,1,1,5,5,2,3,6,4,6,1,6,3,7,4,5,1,6,5,1,7,1,6,1,7,7,6,5,1,7,7,7,7,5,4,4,2,1,2,1,4,3,5,5,7,7,6,4,7,7,4,2,3,1,2,4,2,3,2,4,2,1,5,6,8,1,9,2,5,4,10,3,7,2,6,5,1,7,6,1,7,5,5,4,7,1,6,3,7,3,1,3,7,5,7,2,5,NA,NA,NA,NA,NA,NA,NA,NA,NA,NA,NA,NA,NA,NA,NA,NA,NA,NA,NA,NA,NA,NA,NA,NA,NA,NA,NA,NA,NA,NA,1,1,3,1,1,6,6,1,1,1,1,2,6,1,1,1,1,6,4,1,6,3,1,3,4,3,2,1,2,5,4,3,2,2,3,5,3,2,4,5,3,2,5,2,"How knowing you are being judged as a potential relationship partner affects self image","","",1.6,5.28571428571429,-3.68571428571429,1.8,4.28571428571429,-2.48571428571429,5.55555555555556,1.5,6,5.88888888888889,2,2,1,2,6,5,1,7,3.1875,3.5
"43",79,30,2017-11-28 15:44:31,2017-11-28 16:59:41,0,"131.229.84.114",100,4510,1,2017-11-28 16:59:42,"R_2alg1OA5oVbijFm","","","","","42.325103759766","-72.64119720459","anonymous","EN","19","2020",2,"",1,"",2,"",1,"",4,1,4,3,4,5,3,3,5,3,3,2,1,4,2,5,5,1,1,3,4,5,4,4,4,3,"in order to get them out of the kitchen.","because she waited until the last minute to study.","because she did not understand the bus schedule.","to catch up on current events.","for her family.","because she enjoys helping out.","3 times a day.","because his car was not functioning properly.",3.452,3.452,31.007,1,"Paradise",18.994,18.994,31.006,1,"sports",4.491,4.491,31.006,1,"beehive",2.939,2.939,31.007,1,"forest fire",8.186,8.186,31.006,1,"christmas",2.863,2.863,31.009,1,"cat",16.928,16.928,31.005,1,"Ruler",6.789,6.789,31.006,1,"party",3.359,21.158,31.005,2,"firetruck",2.543,2.543,31.005,1,"trap",5,1,5,1,2,5,2,4,4,1,3,4,1,4,1,5,5,1,1,1,4,4,4,4,3,3,6,1,7,7,1,2,4,1,1,6,7,1,2,2,4,4,3,7,7,2,4,2,1,1,7,7,1,3,2,7,7,2,3,2,1,1,7,7,5,4,3,7,4,7,6,7,1,7,7,2,7,1,5,4,7,5,7,7,1,7,7,2,7,7,4,4,4,1,1,2,1,5,4,2,7,5,2,4,6,7,4,2,5,5,5,5,2,5,5,1,5,5,2,9,2,8,4,10,3,6,5,1,7,2,6,5,4,4,6,3,6,3,2,1,5,2,6,7,1,3,1,5,1,4,2,7,4,1,1,3,3,2,1,1,2,1,4,2,1,1,1,1,NA,NA,NA,NA,NA,NA,NA,NA,NA,NA,NA,NA,NA,NA,NA,1,2,4,3,1,5,6,1,4,3,4,2,2,1,2,2,3,4,5,4,6,3,5,5,1,5,1,4,4,1,1,5,1,5,5,2,3,1,1,2,1,3,4,2,"Platonic friendships rather than romantic relationships-I think I did not fully understand the purpose of the experiment before actually participating","no","-1",3.2,4,-0.8,4,3.71428571428571,0.285714285714286,6.55555555555556,2,6,4.77777777777778,2,5,4,4.6,4.4,6.6,-2.2,3,3.5,4.66666666666667
"44",80,30,2017-11-28 15:43:04,2017-11-28 16:53:50,0,"131.229.84.116",100,4246,1,2017-11-28 16:53:51,"R_2e3ednUz6rjgubQ","","","","","42.325103759766","-72.64119720459","anonymous","EN","20","2019",2,"",4,"",1,"",1,"",3,1,4,1,3,5,1,4,4,4,4,2,1,3,1,4,4,1,1,1,3,4,4,4,4,4,"intensively","one night before the test day","from California","and fall asleep","and she loved it","for two days in a row","when the baby fall asleep","of her car",1.442,1.442,31.006,1,"",2.634,2.634,31.006,1,"HOLE",4.998,4.998,31.005,1,"BEE",8.424,8.424,31.008,1,"FLAME",4.587,4.587,31.006,1,"",4.408,4.408,31.006,1,"LONG",4.566,4.566,31.009,1,"",5.92,5.92,31.008,1,"PRESENT",5.432,5.432,31.006,1,"RACE",4.74,4.74,31.007,1,"TAIL",4,1,4,1,3,4,1,4,4,4,4,2,1,4,1,4,4,1,1,1,3,4,4,4,4,4,7,4,7,7,4,5,7,7,7,6,6,7,1,1,1,1,1,6,1,1,1,1,1,1,1,7,1,3,1,6,1,1,1,1,1,5,1,7,1,7,1,7,1,7,7,7,1,5,7,7,5,1,5,3,7,6,7,7,1,4,6,6,6,4,7,7,7,1,1,1,2,3,2,6,6,4,7,7,7,7,7,7,2,5,5,5,1,5,5,1,5,5,1,5,4,1,9,3,2,6,8,7,10,2,5,5,1,2,7,2,2,1,4,5,5,1,1,7,1,2,4,6,1,5,1,1,2,6,1,5,2,6,5,6,3,5,2,5,1,6,1,1,NA,NA,NA,NA,NA,NA,NA,NA,NA,NA,NA,NA,NA,NA,NA,1,1,5,1,1,6,6,2,6,5,1,6,6,1,1,1,1,4,5,4,6,1,3,5,1,2,1,5,4,3,1,5,1,4,2,1,2,1,2,1,2,4,1,2,"How our self- esteem affects the way we encounter someone for the first time","I am an international student and the reasoning test in which we had to complete words was very hard because it did not come natural to me at all as English is not my first language.","-1",5.2,6.85714285714286,-1.65714285714286,1,2.57142857142857,-1.57142857142857,6.77777777777778,1,1,5.77777777777778,3,5,5,4.8,6.2,4.8,1.4,1,3.0625,3.33333333333333
"45",82,31,2017-12-05 08:36:47,2017-12-05 09:50:37,0,"131.229.84.116",100,4430,1,2017-12-05 09:50:37,"R_28BP9iNaPzziRij","","","","","42.325103759766","-72.64119720459","anonymous","EN","20","2018",2,"",2,"",1,"",5,"queer",4,3,3,1,1,5,1,3,2,2,5,1,1,1,1,1,3,1,1,1,3,1,3,1,2,2,"with a newspaper.","the night before.","from a party.","every morning.","after a long day.","on a Saturday night.","when his mother was busy.","of the car.",4.96,25.663,31.008,4,"duck",1.86,1.86,31.007,1,"",2.159,2.159,31.006,1,"pain",2.676,2.676,31.01,1,"leaves (tbh I didn't read the instructions well so i'm not sure what i'm doing)",2.622,2.622,31.006,1,"cocoa",4.628,4.628,31.006,1,"cat",8.304,8.304,31.006,1,"athlete",2.055,2.055,31.007,1,"song",9.436,9.436,31.005,1,"stop (really don't know what I""m answering-sorry!)",3.452,3.452,31.008,1,"cheese",4,1,3,1,1,5,1,5,2,1,5,1,1,1,1,2,2,1,1,1,3,1,1,1,1,2,3,1,5,1,1,2,3,1,3,2,4,4,4,3,5,4,2,4,1,3,2,1,2,1,1,3,4,5,3,2,1,5,1,1,2,1,1,3,2,5,1,4,4,6,2,7,1,3,2,1,7,1,5,3,4,4,4,3,1,6,5,6,7,1,4,4,3,4,1,3,1,4,4,5,1,5,2,6,1,6,5,1,3,5,5,5,1,5,5,2,4,5,2,10,4,6,9,8,2,3,5,1,7,1,3,7,2,5,5,2,5,4,1,1,1,2,5,4,2,1,5,3,2,3,3,5,7,2,4,5,2,4,4,4,4,2,4,4,1,1,1,2,NA,NA,NA,NA,NA,NA,NA,NA,NA,NA,NA,NA,NA,NA,NA,2,2,3,3,2,4,5,2,1,1,1,1,4,2,2,2,1,3,5,1,4,5,3,3,2,2,1,1,3,1,3,3,2,2,1,3,2,1,3,1,1,4,4,1,"What people look for when they interact with others and how their original perceptions of people and equality affects what they care about","no","-1",1.8,3,-1.2,2.4,2.28571428571429,0.114285714285714,4,3.5,7,4.22222222222222,3,4,4,4.5,5.4,5.6,-0.199999999999999,10,3.19444444444444,3
"46",82,31,2017-12-05 08:37:50,2017-12-05 09:56:44,0,"131.229.84.114",100,4733,1,2017-12-05 09:56:44,"R_d0h9FJsSqml7L7r","","","","","42.325103759766","-72.64119720459","anonymous","EN","19","2020",2,"",3,"",2,"",5,"Questioning",4,1,4,1,3,3,1,4,2,4,4,1,1,3,1,4,3,1,1,1,3,2,2,3,3,3,"so she could eat her pie.","for 5 hours straight.","from school.","with his mom.","after hanging out with some friends.","every other day.","until it was full.","of the car.",6.593,6.593,31.014,1,"duck",5.222,5.222,31.016,1,"foot",9.253,12.557,31.018,2,"bee",0,0,31.01,0,"",6.303,9.894,31.11,2,"cookie",7.712,11.592,31.022,2,"cat",0,0,31.003,0,"",16.504,21.256,31.004,2,"party",19.112,19.112,31.016,1,"",0,0,31.03,0,"",5,1,4,1,1,4,1,5,4,1,4,2,1,2,1,4,4,1,1,1,3,2,3,3,2,3,3,3,5,4,1,2,4,3,2,3,5,5,2,1,3,2,1,3,3,1,1,3,2,2,2,4,4,3,2,4,4,1,2,2,2,3,3,3,4,5,2,5,1,6,5,6,1,5,5,2,5,1,6,2,4,5,7,6,1,6,6,6,5,5,3,4,3,1,1,1,2,4,3,2,6,6,5,6,6,7,5,1,3,5,2,5,1,2,5,1,5,5,2,2,1,8,7,6,5,3,9,4,10,3,6,5,3,3,4,3,6,1,3,2,4,3,1,6,2,2,3,4,3,5,2,4,5,1,2,3,3,3,1,1,3,1,1,2,1,1,1,1,NA,NA,NA,NA,NA,NA,NA,NA,NA,NA,NA,NA,NA,NA,NA,2,1,3,2,1,5,6,4,3,2,1,2,5,1,2,2,2,5,4,3,5,4,2,2,3,2,1,1,4,1,2,3,2,3,2,2,4,1,3,3,2,3,3,1,"Relationship forming and how interactions with other people, whether or not they are strangers affects how someone feels about themselves","","-1",2.4,4,-1.6,1.4,3,-1.6,5.55555555555556,1.5,7,5.55555555555556,3,5,4,4.1,3.4,7.6,-4.2,10,3.19444444444444,3
"47",991104206,2,2017-03-27 08:56:53,2017-03-27 09:40:58,0,"131.229.84.116",100,2645,1,2017-03-27 09:40:59,"R_2QtezLyOshOXvp9","","","","","42.325103759766","-72.64119720459","anonymous","EN","20","Junior",2,"",3,"",1,"",1,"",4,1,3,1,3,2,3,3,2,1,4,2,1,3,1,4,3,1,1,2,5,4,4,3,3,4,"with the fly swatter.","in order to get an a.","by calling for an Uber.","daily.","for her family.","for some extra money.","because she was crying.","in his car.",1.794,31.044,31.431,2,"duck",1.976,1.976,31.429,1,"",2.087,4.547,31.424,2,"bee",2.132,2.132,31.426,1,"light",1.801,1.801,31.424,1,"cookie",7.976,7.976,31.422,1,"cat",2.082,2.082,31.43,1,"",2.657,2.657,31.426,1,"party",1.927,1.927,31.423,1,"light",1.526,1.526,31.424,1,"pen",3,1,2,1,2,3,1,3,3,1,3,2,1,3,1,4,3,1,1,2,4,3,3,3,3,3,3,1,6,5,2,1,4,7,6,2,7,6,2,2,2,2,1,6,5,1,1,6,7,5,2,7,6,2,1,5,6,1,1,5,7,4,1,7,6,6,2,6,2,6,5,7,1,6,7,2,5,1,6,5,6,6,7,7,1,7,6,7,7,6,4,4,4,3,1,2,2,4,2,6,6,7,5,7,1,7,5,3,4,5,4,5,1,5,5,1,5,5,1,10,1,6,4,7,8,2,5,3,9,3,5,5,3,3,5,2,4,5,6,2,1,3,6,4,4,2,1,7,1,2,2,6,2,4,2,3,3,3,2,4,2,3,2,3,1,1,1,2,NA,NA,NA,NA,NA,NA,NA,NA,NA,NA,NA,NA,NA,NA,NA,4,2,3,4,4,5,2,4,3,4,3,4,3,5,1,2,3,2,4,1,2,4,4,4,5,3,1,3,2,2,2,3,2,3,3,3,4,2,1,3,3,4,3,1,"College relationships, moreso friendships than dating.","No","-1",1.8,5.85714285714286,-4.05714285714286,1.4,6,-4.6,6.33333333333333,2,5,5.44444444444444,3,5,5,4.7,4,7,-3,5,3,3
"48",991136713,2,2017-03-27 07:39:13,2017-03-27 09:36:00,0,"131.229.84.114",100,7006,1,2017-03-27 09:36:01,"R_22M2Jc5EycDplHY","","","","","42.325103759766","-72.64119720459","anonymous","EN","20","Good standing",2,"",2,"",2,"",1,"",3,1,4,2,3,4,2,4,3,1,4,1,1,3,1,4,4,1,1,1,4,4,3,3,3,4,"quickly","hard","from the neighbors","meticuously","quickly","noisy","quietly","in a jolly mood",1.98,17.044,31.424,14,"DUCK",6.465,7.125,31.424,3,"FOOT",5.158,5.158,31.428,1,"BEE",1.94,31.316,31.427,6,"FIRE",1.796,1.796,31.426,1,"COOKIE",3.217,30.283,31.423,4,"CAT",1.993,1.993,31.425,1,"STRONG",2.449,2.449,31.423,1,"HAPPY",1.989,26.832,31.423,2,"",1.866,29.522,31.426,2,"trap",4,1,4,1,2,4,1,4,3,4,5,3,1,3,1,4,5,1,1,1,4,4,4,3,3,3,2,1,6,3,1,1,1,6,4,4,5,4,1,1,1,2,1,5,3,1,1,1,5,3,1,5,5,2,1,5,3,1,1,3,5,5,1,5,5,6,1,5,1,6,6,6,1,6,5,1,7,1,6,3,5,6,6,6,1,6,4,7,6,3,4,3,3,2,2,2,2,2,2,3,2,4,1,2,6,6,1,6,5,5,4,5,1,5,5,1,5,5,2,7,3,2,10,9,1,8,4,5,6,2,5,5,3,5,4,3,5,4,3,3,4,2,3,5,3,3,5,5,3,3,4,5,3,2,2,4,2,2,2,2,2,2,2,2,2,2,2,2,NA,NA,NA,NA,NA,NA,NA,NA,NA,NA,NA,NA,NA,NA,NA,2,2,2,3,3,4,6,2,4,2,4,2,4,2,3,2,2,2,2,3,2,3,3,3,4,3,1,4,3,2,3,2,2,3,3,3,4,2,2,4,4,3,4,1,"I think this study was about how college students interact with each other and how their feelings about themselves influence relationships and how they feel about their partner.","","-1",1.8,4.14285714285714,-2.34285714285714,1.2,3.85714285714286,-2.65714285714286,5.77777777777778,1,2,3,3,5,4,4.6,6.6,4.4,2.2,6,NA,NA
